claim_id,book,section,lean_module,lean_theorem,lean_status,uses_bridge_assumptions,assumption_ids,python_cert,release_status,notes
D0-LEAN-CORE-001,Lean formalization,status,D0.TheoremLedger.ReleaseStatus,lean_core_release_candidate,LEAN_PROVED,False,,,CORE-FORMALIZED,Release-candidate core status backed by build and CI.
D0-LEAN-BRIDGE-001,Lean formalization,status,D0.TheoremLedger.ReleaseStatus,lean_bridge_assumptions_explicit,LEAN_PROVED_WITH_BRIDGE_ASSUMPTIONS,True,ASSUMP-HURWITZ-GOLDEN;ASSUMP-RG-SMOOTH-INTERP;ASSUMP-LORENTZ-MACRO;ASSUMP-SMOOTH-COVARIANCE;ASSUMP-SMOOTH-HEATTRACE;ASSUMP-HST-EXTERNAL,,BRIDGE-ASSUMPTIONS-EXPLICIT,Bridge assumptions isolated from core.
D0-FOUND-001,BOOK_01/02,primitive positive response,D0.Core.Phi,primitive_quadratic_unique_pos_root,LEAN_PROVED,False,,,CORE-FORMALIZED,Exact p+p^2=1 positive root uniqueness.
D0-PHI-HURWITZ-001,BOOK_01/02,D0-class Hurwitz/minimax phase rigidity,D0.NumberTheory.HurwitzMinimaxPhi,HURWITZ_MINIMAX_D0_CLASS_PROVED,LEAN_PROVED,False,,,CORE-FORMALIZED,D0 admissible period-one quadratic phase class proved; full global Lagrange spectrum remains external mathematical background.
D0-ABCD-001,BOOK_01,ABCD role alphabet,D0.Core.DyadABCD,ABCD_cardinality,LEAN_PROVED,False,,,CORE-FORMALIZED,ABCD represented as Dyad x Dyad.
D0-OMEGA8-001,BOOK_01,Omega8 detector cycle,D0.Core.DyadABCD,omega8_cardinality,LEAN_PROVED,False,,,CORE-FORMALIZED,Omega8 represented as Role x Bool.
D0-CAPACITY-V9-001,BOOK_01/02,V9 capacity,D0.Core.FiniteTypes,card_v9,LEAN_PROVED,False,,,CORE-FORMALIZED,V9 exact cardinality.
D0-CAPACITY-V11-001,BOOK_01/02,V11 capacity,D0.Core.FiniteTypes,card_v11,LEAN_PROVED,False,,,CORE-FORMALIZED,V11 exact cardinality.
D0-CAPACITY-V13-001,BOOK_01/02,V13 capacity,D0.Core.FiniteTypes,card_v13,LEAN_PROVED,False,,,CORE-FORMALIZED,V13 exact cardinality.
D0-SCENE-001,BOOK_01/02,"K(9,11,13) counts",D0.Combinatorics.Tripartite,vertex_count_K_9_11_13;edge_count_K_9_11_13;triangle_count_K_9_11_13,LEAN_PROVED,False,,,CORE-FORMALIZED,Tripartite counts 33/359/1287.
D0-NCG-INDEX-001,BOOK_02,no 3-simplices guardrail,D0.Combinatorics.Tripartite,no_3_simplices_clique_complex,LEAN_PROVED,False,,,CORE-FORMALIZED,No four-partite clique guardrail.
D0-PHASE-UNFOLD-002,BOOK_01/02,forced return windows,D0.Phase,forced_terminal_window;terminal_window_totient;forced_ew_window;ew_window_totient;ew_depth,LEAN_PROVED,False,,,CORE-FORMALIZED,Exact 44 and 710 forced-window arithmetic.
D0-QM-BORN-001,BOOK_02,finite Born normalization,D0.Born,finite_born_sum_one,LEAN_PROVED_WITH_BRIDGE_ASSUMPTIONS,True,ASSUMP-HST-EXTERNAL,,BRIDGE-ASSUMPTIONS-EXPLICIT,Finite skeleton under explicit finite response assumptions; no full Gleason claim.
D0-QM-BORN-002,BOOK_02,finite Born nonnegativity,D0.Born,finite_born_nonnegative,LEAN_PROVED_WITH_BRIDGE_ASSUMPTIONS,True,ASSUMP-HST-EXTERNAL,,BRIDGE-ASSUMPTIONS-EXPLICIT,Finite skeleton under explicit finite response assumptions.
D0-CARRIER-003,D0_OPERATOR_BRIDGE_TRIPLE_CLOSURE,Lorentz Clifford carrier,D0.Algebra.Clifford,clifford_relation,LEAN_PROVED_WITH_BRIDGE_ASSUMPTIONS,True,ASSUMP-LORENTZ-MACRO,vp_v1145_operator_bridge_triple.py,CORE_BRIDGE_SPLIT,Finite Clifford relation is core; Lorentz macro integration is bridge.
D0-GAUGE-MATTER-001,BOOK_02/04,boundary skeleton,D0.Topology.BoundaryBoundary,boundary_boundary_zero,LEAN_PROVED_WITH_BRIDGE_ASSUMPTIONS,True,ASSUMP-HST-EXTERNAL,vp_v1132_gauge_matter_ward_anomaly.py,BRIDGE-ASSUMPTIONS-EXPLICIT,Boundary skeleton conditional on declared incidence pair.
D0-GAUGE-MATTER-002,BOOK_02/04,rational anomaly sums,D0.Gauge.AnomalySums,grav_U1_anomaly_sum;U1_cubic_anomaly_sum;SU2_SU2_U1_anomaly_sum;SU3_SU3_U1_anomaly_sum,LEAN_PROVED,False,,vp_v1132_gauge_matter_ward_anomaly.py,CORE-FORMALIZED,Exact rational one-generation anomaly sums.
D0-RG-001,D0_OPERATOR_BRIDGE_TRIPLE_CLOSURE,phi discrete RG,D0.Bridge.PhiDiscreteRG,phi_rg_bridge_conditional,LEAN_PROVED_WITH_BRIDGE_ASSUMPTIONS,True,ASSUMP-RG-SMOOTH-INTERP,vp_v1145_operator_bridge_triple.py,BRIDGE-ASSUMPTIONS-EXPLICIT,Scale algebra plus explicit smooth interpolation assumption.
D0-SMOOTH-001,D0_OPERATOR_BRIDGE_TRIPLE_CLOSURE,smooth metric bridge,D0.Bridge.SmoothMetricBridge,smooth_metric_bridge_conditional,LEAN_PROVED_WITH_BRIDGE_ASSUMPTIONS,True,ASSUMP-SMOOTH-COVARIANCE;ASSUMP-SMOOTH-HEATTRACE,vp_v1145_operator_bridge_triple.py,BRIDGE-ASSUMPTIONS-EXPLICIT,Smooth geometry remains conditional.
D0-PHASE-TOWER-001,BOOK_01/02,phase tower minimality and recursion,D0.Combinatorics.PhaseTowerMinimality,terminalWindow_minimal;fullOrientedWindow_minimal;fullOrientedWindow_C0_minimal,LEAN_PROVED,False,,,CORE-FORMALIZED,"Forced windows are minimal synchronization moduli, not post-hoc choices."
D0-PHASE-TOWER-002,BOOK_01/02,infinite phase tower bookkeeping,D0.Combinatorics.InfinitePhaseTower,capacity_recursion_total;forced_terminal_window_all;current_recursion_stabilizes_at_shell_two,LEAN_PROVED,False,,,NO_GO_PROVED,Formal tower exists but current terminal recursion stabilizes; direct Einstein tower is not derived here.
D0-ARCHIVE-TOWER-001,BOOK_06/07,archive refinement tower,D0.Geometry.ArchiveRefinementTower,terminal_readout_stable;archive_depth_strictly_increases;spectral_modes_strictly_increase;archive_projection_surjective,LEAN_PROVED,False,,,CORE-FORMALIZED,Terminal readout stable while archive/spectral refinement grows.
D0-ARCHIVE-MODE-EXPONENT-001,BOOK_07/08,forced archive mode exponent,D0.Geometry.ArchiveModeExponent,archive_mode_exponent_eq_abcd;archive_mode_exponent_eq_lorentz_dimension;archive_modes_forced,LEAN_PROVED,False,,,CORE-FORMALIZED,Archive exponent 4 forced by ABCD/Lorentz carrier dimension.
D0-ARCHIVE-HEATTRACE-001,BOOK_07/08,archive heat trace and Weyl cert,D0.Geometry.ArchiveHeatTrace,heat_trace_positive;heat_trace_projection_compatible,PYTHON_CERTIFIED,False,,vp_archive_heat_trace_weyl_dimension.py,CERT-CLOSED,Lean structural heat trace skeleton plus Weyl dimension cert.
D0-ARCHIVE-LAPLACIAN-001,BOOK_07,archive Laplacian properties,D0.Geometry.ArchiveLaplacianProperties,archive_laplacian_symmetric;archive_laplacian_nonnegative;archive_laplacian_zero_mode_control,LEAN_PROVED,False,,,CORE-FORMALIZED,Finite archive Laplacian is symmetric/nonnegative with zero-mode control.
D0-ARCHIVE-RESOLVENT-001,BOOK_07,archive resolvent compactness analogue,D0.Geometry.ArchiveResolventCompactness,finite_stage_resolvent_compact;archive_spectral_tightness_from_mode_growth;d0_archive_profinite_resolvent_compactness,LEAN_PROVED,False,,,CORE-FORMALIZED,Finite-stage compactness/projection/tightness structure for archive tower.
D0-SPECTRAL-ACTION-ADMISS-001,BOOK_07,D0-side spectral action admissibility,D0.Geometry.SpectralActionAdmissibility,d0_archive_satisfies_structural_admissibility,PYTHON_CERTIFIED,False,,vp_spectral_action_eh_coefficient.py;vp_spectral_action_expansion_stability.py,CERT-CLOSED,D0-side admissibility and coefficient/cutoff certs; external analytic theorem not internalized.
D0-HST-ARCHIVE-001,BOOK_06/08,HST archive external theorem interface,D0.Probability.HSTExternalInterface,hst_admissible_from_certificates;entropy_kernel_exists_if_HST,PYTHON_CERTIFIED,False,,vp_archive_subgaussian_hst_admissibility.py;vp_archive_convex_order_domination.py,CERT-CLOSED,HST is external theorem object; D0-side archive hypotheses are cert-backed.
D0-ARCHIVE-ENTROPY-001,BOOK_06/08,archive entropy softmax coupling,D0.Probability.EntropyCouplingKernel,archive_entropy_kernel_exists_if_HST;archive_forgetting_channel_unique,PYTHON_CERTIFIED,False,,vp_archive_entropy_softmax_coupling.py,CERT-CLOSED,Entropy-selected archive coupling interface plus finite-stage softmax coupling cert.
D0-DM-CLASSICALITY-001,BOOK_06/08,weak-coupling detector classicalization guardrail,D0.Detector.WeakCouplingClassicalization,weak_coupling_readout_classical_guardrail,PYTHON_CERTIFIED,False,,vp_dm_classicality_guardrail.py,CERT-CLOSED,Weak-coupling/mode-averaging nonclassical signature suppression guardrail.
D0-ARCHIVE-GAUSSIAN-CHANNEL-001,BOOK_06/08,archive classical Gaussian macro-channel,D0.Probability.ArchiveClassicalGaussianChannel,archive_macro_channel_classical_gaussian,LEAN_PROVED,False,,,CORE-FORMALIZED,Combines HST interface and detector classicalization as typed macro-channel statement.
D0-GRAV-QNM-001,BOOK_07,QNM finite-boundary empirical passport gate,D0.Gravity.BoundaryRelaxationSpectrum,qnm_passport_requires_preregistered_inputs,PYTHON_CERTIFIED,False,,vp_qnm_delta0_overtone_ladder.py,NO_GO_PROVED,QNM ladder passport is blocked without preregistered model and extracted modes table.
D0-GENERATION-RAYS-001,BOOK_04,generation spectral-ray theorem attempt,D0.Spectrum.GenerationSpectralRays,NO_GO_GENERATION_RAYS_UNDEFINED,LEAN_PROVED,False,,,NO_GO_PROVED,"Bare K(9,11,13) spectral cluster generation route is no-go. Core generation index is instead D0-GEN-INDEX-001 via projective branch-defect rays."
D0-GEN-INDEX-001,BOOK_04,branch-defect projective generation index,D0.Spectrum.BranchDefectProjectiveGeneration,exactly_three_projective_branch_defect_generations;defectAction_order_three;defect_generation_card,LEAN_PROVED,False,,vp_pi0_branch_defect_generation.py,CORE-FORMALIZED,Generation index is the projective closure P1(F2) of the minimal two-branch defect plane; masses/Yukawa hierarchy are not included.
D0-GEN-MASS-001,BOOK_04,generation mass and phenomenological clustering,D0.Spectrum.BranchDefectProjectiveControls,branch_defect_projective_proof_closed,LEAN_PROVED,False,,vp_pi0_branch_defect_generation.py,NO_GO_PROVED,Core index is proved; physical masses/Yukawa hierarchy/PDG clustering require additional physical input and are not core theorems.
D0-ARCHIVE-PHASE-DISTANCE,BOOK_06/07,archive phase distance,D0.Geometry.ArchivePhaseDistance,archivePhaseDistance_nonnegative;archivePhaseDistance_symmetric;archivePhaseDistance_zero_iff,LEAN_PROVED,False,,,CORE-FORMALIZED,Metric on finite fibers.
D0-ARCHIVE-LAPLACIAN-PHASE-NATURALITY,BOOK_07,archive Laplacian phase naturality,D0.Geometry.ArchiveLaplacianPhaseNaturality,NO_GO_ARCHIVE_PHASE_LOCAL_UNIQUENESS,LEAN_PROVED,False,,,NO_GO_PROVED,Naturality alone does not uniquely fix the operator without further phase structure.
D0-ARCHIVE-PHASE-CURVATURE,BOOK_07,archive phase curvature,D0.Geometry.ArchivePhaseCurvatureObstruction,phase_flat_iff_zero_curvature_obstruction;NO_GO_PHASE_LAPLACIAN_PROJECTIVE_COMPATIBILITY;NO_GO_PHASE_CURVATURE_OBSTRUCTION,LEAN_PROVED,False,,,CORE-FORMALIZED,Nonvanishing curvature obstruction on refined phase fibers.
D0-ARCHIVE-LAPLACIAN-RG,BOOK_07,renormalized archive Laplacian RG geometry,D0.Geometry.ArchiveLaplacianRG,archiveRGPhaseProjection_surjective;rg_curvature_zero_iff_exact_compatibility;rg_operator_curvature_zero_iff_renormalized_compatibility;rg_flat_curvature_zero_iff_exact_flat_compatibility;exact_projective_compatibility_fails,PYTHON_CERTIFIED,False,,vp_archive_laplacian_rg_flow.py,CERT-CLOSED,Nearest-neighbor phase Laplacian is not strictly projective; RG residual/curvature obstruction is tracked by scale-fit cert.
D0-ARCHIVE-SEAM-CURVATURE-001,BOOK_07,seam curvature density,D0.Geometry.ArchiveCurvatureDensity,seamCommutator_zero_iff_operator_transport_flat;seamCurvatureDensity_nonnegative;seamCurvatureDensity_zero_iff_flat,PYTHON_CERTIFIED,False,,vp_archive_seam_curvature_action.py,CERT-CLOSED,Curvature is the seam commutator density; cert checks exact rank two and seam support.
D0-ARCHIVE-ACTION-001,BOOK_07,archive curvature action,D0.Geometry.ArchiveActionFunctional,archiveCurvatureAction_nonnegative;archiveCurvatureAction_zero_iff_all_flat,PYTHON_CERTIFIED,False,,vp_archive_seam_curvature_action.py,CERT-CLOSED,Archive action is accumulated seam curvature and vanishes exactly when all included levels are transport-flat.
D0-ARCHIVE-FIELD-EQ-001,BOOK_07,archive seam-action field equation,D0.Geometry.ArchiveFieldEquation,matrix_hs_square_expansion;first_variation_trace_square;seam_action_variation_quadratic_expansion;stationary_iff_first_variation_zero;vacuum_equation_iff_stationary;sourced_equation_variational_form,PYTHON_CERTIFIED,False,,vp_archive_variational_field_equation.py,CERT-CLOSED,Finite seam-action variation gives the field-gradient pairing and sourced variational equation.
D0-ARCHIVE-BIANCHI-001,BOOK_07,archive Bianchi conservation,D0.Geometry.ArchiveBianchiIdentity,archiveCanonicalLaplacian_row_sum_zero;archiveLiftOperator_row_sum_one;seamCommutator_row_sum_zero;curvature_gradient_conserved;source_must_be_conserved,LEAN_PROVED,False,,vp_archive_variational_field_equation.py,CORE-FORMALIZED,Row-sum conservation of the seam curvature gradient forces conserved archive sources.
D0-MATTER-STRESS-COUPLING-001,BOOK_04,matter archive stress coupling,D0.Matter.ArchiveStressCoupling,Matter.matterStressMatrix_symmetric;Matter.matterStressMatrix_conserved;Matter.generated_matter_source_conserved_if_anomaly_free;Matter.generated_matter_source_zero_if_anomaly_free,LEAN_PROVED,False,,,CORE-FORMALIZED,Generation/anomaly layer defines a symmetric conserved archive stress source; anomaly-free reps give zero source in this minimal coupling.
D0-ARCHIVE-VARIATION-DUAL-001,BOOK_07,archive variation space and dual,D0.Geometry.ArchiveVariationDual,pairing_depends_only_on_symmetric_part;skew_part_annihilates_admissible_variations,LEAN_PROVED,False,,,CORE-FORMALIZED,Admissible variation dual properties.
D0-ARCHIVE-STRESS-REP-001,BOOK_07,canonical conserved stress representative,D0.Geometry.ArchiveStressRepresentative,raw_gradient_equivalent_to_canonical_stress;canonical_stress_symmetric;canonical_stress_conservation_no_go,LEAN_PROVED,False,,,CORE-FORMALIZED,Symmetric representative defined and raw gradient equivalent.
D0-ARCHIVE-WEAK-FIELD-001,BOOK_07/08,discrete weak field and Poisson limit,D0.Geometry.ArchivePoissonEquation,poisson_requires_neutral_source;poisson_solution_unique_mod_constant,LEAN_PROVED,False,,vp_archive_weak_field_poisson.py,CORE-FORMALIZED,Poisson equation has unique solution up to constant.
D0-MATTER-SOURCE-NEUTRALITY-001,BOOK_04/08,neutrality of generated matter source,D0.Matter.GeneratedMatterSource,Matter.generated_matter_source_neutral_if_anomaly_free;Matter.NO_GO_MATTER_SOURCE_NEUTRALITY,LEAN_PROVED,False,,,CORE-FORMALIZED,Generated-source neutrality closes the minimal base interface; nonzero localized sources are handled by D0-MATTER-LOCALIZATION-001.
D0-MATTER-REP-001,BOOK_04,matter representation generation multiplicity,D0.Matter.GenerationMultiplicity,Matter.rep_with_generations_card;Matter.generation_index_does_not_change_gauge_charge;Matter.matter_rep_generation_multiplicity_three,LEAN_PROVED,False,,,CORE-FORMALIZED,Matter generation multiplicity is exactly three.
D0-MATTER-ANOMALY-001,BOOK_04,anomaly preservation in generational structure,D0.Matter.GenerationAnomalyPreservation,Matter.anomaly_sum_triples;Matter.anomaly_zero_preserved,LEAN_PROVED,False,,,CORE-FORMALIZED,Generational anomaly sum structure.
D0-GEOM-OBSTRUCT-001,BOOK_07,flat archive curvature obstruction,D0.Geometry.ArchiveCurvatureObstruction,flat_archive_iff_zero_curvature_obstruction,LEAN_PROVED,False,,,CORE-FORMALIZED,Flat archive iff zero curvature obstruction.
D0-ARCHIVE-STRESS-CONSERVATION-001,BOOK_07,constrained stress representative projection,D0.Frozen.ConservedStressProjection,constrained_projection_applies_to_archive_gradient,LEAN_PROVED,False,,,CORE-FORMALIZED,Constrained representative is symmetric and conserved.
D0-ARCHIVE-SCALAR-REDUCTION-001,BOOK_07,non-vacuous scalar stationarity to Poisson,D0.Active.ScalarPoissonReduction,scalar_stationarity_implies_archive_poisson,LEAN_PROVED,False,,,CORE-FORMALIZED,Stationarity under scalar perturbations reduces to discrete Poisson.
D0-MATTER-LOCALIZATION-001,BOOK_04,conditional matter source neutrality,D0.Active.NonzeroMatterSourceNeutrality,Matter.localized_matter_source_neutral_if_anomaly_free,LEAN_PROVED,False,,,CORE-FORMALIZED,Conditional matter source neutrality under localization assumption.
D0-COSMO-HOMOGENEOUS-FIXED-POINT-001,BOOK_08,Friedmann homogeneous fixed point,D0.Cosmology.ArchiveHomogeneousState,homogeneous_total_eq_value;homogeneous_mass_conserving_fixed_point,LEAN_PROVED,False,,,CORE-FORMALIZED,Homogeneous state mass conservation fixed point.
D0-COSMO-ZERO-MEAN-UNDERDENSE-001,BOOK_08,zero mean mode underdense region,D0.Cosmology.ZeroMeanModes,zero_mean_nonzero_has_negative_component;zero_mean_nonzero_has_positive_component;zero_mean_mode_has_underdense_region,LEAN_PROVED,False,,,CORE-FORMALIZED,Zero-mean modes must have negative (underdense) and positive components.
D0-COSMO-TRANSIENT-ACCELERATION-001,BOOK_08,transient acceleration from underdense mode,D0.Cosmology.TransientAcceleration,inverse_density_convex_three_point;underdense_geometric_mode_generates_positive_acceleration,LEAN_PROVED,False,,,CORE-FORMALIZED,Geometric underdensity pattern yields transient acceleration in 1/rho.
D0-COSMO-INSTABILITY-SATURATION-001,BOOK_08,instability saturation,D0.Cosmology.InstabilitySaturation,positive_lower_bound_blocks_eternal_linear_underdensity,LEAN_PROVED,False,,vp_archive_friedmann_instability.py,CORE-FORMALIZED,Lower bound blocks eternal linear underdensity growth.
D0-COSMO-ENTROPY-FLOW-FIXED-POINT-001,BOOK_08,homogeneous fixed point of entropy-coupled archive flow,D0.Cosmology.EntropyArchiveFlow,homogeneous_fixed_point,LEAN_PROVED,False,,,CORE-FORMALIZED,Mass-preserving homogeneous entropy-coupled flow fixed point.
D0-COSMO-JACOBIAN-INSTABILITY-001,BOOK_08,linearized Jacobian eigenvalue instability,D0.Cosmology.LinearizedEntropyFlow,jacobian_eigenvalue_formula;jacobian_eigenvalue_unstable_if_mu_positive,LEAN_PROVED,False,,,CORE-FORMALIZED,Linearized flow eigenvalue formula and instability.
D0-COSMO-VOLUME-FLOOR-BOUND-001,BOOK_08,archive volume bounds under density floor,D0.Cosmology.ArchiveVolumeBounds,density_floor_bounds_inverse;density_floor_bounds_archiveVolume;bounded_volume_no_eternal_uniform_acceleration,LEAN_PROVED,False,,,CORE-FORMALIZED,Density floor bounds archive volume and prevents eternal acceleration.
D0-COSMO-CONCRETE-FLOW-001,BOOK_08,concrete entropy softmax archive flow,D0.Cosmology.ConcreteEntropyArchiveFlow,softmax_flow_mass_preserving;homogeneous_state_maps_to_itself;positivity_if_initial_positive;centered_source_zero_mean,LEAN_PROVED,False,,,CORE-FORMALIZED,Concrete entropy-coupled softmax flow properties.
D0-COSMO-JACOBIAN-SIGN-001,BOOK_08,Jacobian sign convention instability audit,D0.Cosmology.EntropyJacobianSign,jacobian_eigenvalue_formula_convention;jacobian_eigenvalue_unstable_convention,LEAN_PROVED,False,,,CORE-FORMALIZED,Instability audit locks sign and eigenvalue formula.
D0-COSMO-FLOOR-PROJECTION-001,BOOK_08,mass-and-floor projection properties,D0.Cosmology.FloorMassProjection,projection_preserves_mass;projection_preserves_floor;projection_exists_of_feasible,LEAN_PROVED,False,,,CORE-FORMALIZED,Feasible projection preserves mass and floor.
D0-COSMO-TICK-GAUGE-EQUIV-001,BOOK_08,tick-gauge scaling equivalence,D0.Geometry.ArchiveTickGaugeFixing,eta_absorbs_into_response,LEAN_PROVED,False,,,CORE-FORMALIZED,Tick gauge equivalence holds by parameter absorption.
D0-COSMO-WATER-FILLING-001,BOOK_08,water-filling floor projection properties,D0.Probability.ArchiveFloorWaterFilling,waterFill_preserves_floor;waterFill_mass_if_root;feasibility,LEAN_PROVED,False,,,CORE-FORMALIZED,Water-filling preserves floor and is feasible when mass is large enough.
D0-COSMO-CONFORMAL-TRACE-001,BOOK_08,conformal Laplacian trace as volume proxy,D0.Geometry.ConformalLaplacianTrace,trace_weighted_laplacian;regular_trace_volume_proxy;archiveVolume_heat_trace_proxy,LEAN_PROVED,False,,,CORE-FORMALIZED,Weighted trace volume proxy proportional to archiveVolume on regular graphs.
D0-GEOM-HEAT-TRACE-EH-PROXY-001,BOOK_08,trace square weighted Laplacian decomposition,D0.Geometry.HeatTraceEHProxy,weighted_laplacian_entry;trace_square_weighted_laplacian_decomposition;offdiag_proxy_nonnegative;regular_graph_diagonal_square_term,LEAN_PROVED,False,,,CORE-FORMALIZED,Weighted trace square decomposition and proxy nonnegativity.
D0-COSMO-CORE-SHAPE-PASSPORT-BOUNDARY-001,BOOK_08,independence of D0 core shape generator from empirical parameters,D0.Cosmology.CoreShapePassportBoundary,core_shape_independent_of_empirical_parameters;empirical_passport_not_core_closed,LEAN_PROVED,False,,,CORE-FORMALIZED,D0 core shape independent of empirical params and external data not core closed.
D0-GEOM-HEAT-TRACE-A2-DECOMP-001,BOOK_08,A2 exact trace square decomposition with factor 1/2,D0.Geometry.HeatTraceA2Decomposition,heat_trace_sq_exact_decomposition;discrete_eh_proxy_nonnegative;offdiag_double_count_guard;double_count_factor_guard,LEAN_PROVED,False,,vp_spectral_action_eh_coefficient.py,CORE-FORMALIZED,Heat trace exact decomposition with factor 1/2 and double-count guard.
D0-GEOM-SPECTRAL-ACTION-LADDER-001,BOOK_08,spectral action trace power ladder properties and bounds,D0.Geometry.SpectralActionLadder,spectral_action_a0_is_volume_proxy;spectral_action_a2_is_eh_proxy;higher_curvature_floor_bound_basic;trace_power_bound;a0_is_volume_proxy;a2_is_eh_proxy;higher_powers_floor_bounded,LEAN_PROVED,False,,vp_spectral_action_eh_coefficient.py,CORE-FORMALIZED,Finite spectral-action ladder and bounds; no continuum EH promotion.
D0-GEOM-HIGHER-CURVATURE-FLOOR-BOUND-001,BOOK_08,higher curvature suppression by density floor,D0.Geometry.HigherCurvatureSuppression,Geometry.HigherCurvatureSuppression.matrix_power_combinatorial_bound;Geometry.HigherCurvatureSuppression.conformal_laplacian_entry_bound;Geometry.HigherCurvatureSuppression.higher_curvature_suppression_by_floor,LEAN_PROVED,False,,vp_spectral_action_eh_coefficient.py,CORE-FORMALIZED,Higher curvature trace powers are bounded by the conformal density floor estimate.
D0-TRACEABILITY-STATUS-TAXONOMY-001,BOOK_08,formal status taxonomy guardrail,D0.Traceability.StatusTaxonomy,Traceability.external_likelihood_cannot_promote_to_core_closed,LEAN_PROVED,False,,,CORE-FORMALIZED,Traceability status taxonomy with promotion guardrails.
D0-OPERATOR-GAUGE-CURVATURE-ORIGIN-001,BOOK_08,archive commutator gauge curvature origin,D0.Matter.GaugeCurvatureOrigin,Algebra.commutator_self_zero;Algebra.commutator_skew_of_skew;Algebra.minus_trace_square_nonnegative;Matter.gauge_curvature_skew;Matter.abelian_curvature_annihilates_self_interaction;Matter.gauge_action_positive_from_origin;Bridge.gauge_curvature_origin_closed,LEAN_PROVED,False,,,CORE-FORMALIZED,Linear/abelian gauge curvature origin closed from archive commutators.
D0-OPERATOR-VECTOR-LAPLACIAN-ORIGIN-001,BOOK_08,vector Laplacian operator origin,D0.Matter.VectorOperatorOrigin,Matter.vector_laplacian_preserves_skew;Matter.vector_laplacian_energy_nonnegative;Matter.vector_operator_origin_applies_to_field_equation;Bridge.vector_operator_origin_closed,LEAN_PROVED,False,,,CORE-FORMALIZED,Vector operator origin via negative double commutator.
D0-OPERATOR-EDGE-STIFFNESS-ORIGIN-001,BOOK_08,edge stiffness capacity-core origin,D0.Geometry.EdgeStiffnessOrigin,Geometry.capacityCore_symmetric;Geometry.capacityCore_psd;Geometry.symmOffDiag_projection_trace_transparent;Geometry.edge_stiffness_preserves_symmOffDiag;Geometry.edge_stiffness_energy_nonnegative;Bridge.edge_stiffness_origin_closed,LEAN_PROVED,False,,,CORE-FORMALIZED,Edge stiffness origin with symm-offdiag projection.
D0-NO-GO-BARE-ARCHIVE-NONABELIAN-001,BOOK_08,bare archive nonabelian completion boundary,D0.Bridge.OperatorOriginIndex,Bridge.nonabelian_completion_boundary,LEAN_PROVED,False,,,NO-GO,Nonabelian completion remains outside bare archive operator.
D0-NO-GO-EDGE-STIFFNESS-SCALAR-LEAKAGE-001,BOOK_08,edge stiffness scalar leakage without projection,D0.Geometry.EdgeStiffnessOrigin,Geometry.edge_projection_prevents_scalar_leakage,LEAN_PROVED,False,,,NO-GO,Bare HP+PH can leak scalar diagonal without symmOffDiag projection.
D0-NO-GO-FLAT-TENSOR-NONABELIAN-001,BOOK_08,flat tensor nonabelian boundary,D0.Gauge.FlatTensorNoGo,Gauge.flat_tensor_of_two_skew_is_symmetric;Gauge.naive_flat_tensor_nonabelian_boundary,LEAN_PROVED,False,,,NO-GO,Naive flat tensor of two skew sectors is symmetric and leaves the skew/vector sector.
D0-GAUGE-NONABELIAN-DISCRETE-CURVATURE-001,BOOK_08,nonabelian discrete curvature,D0.Gauge.NonAbelianDiscreteCurvature,Gauge.spatialCommutator_preserves_skew;Gauge.spatialWedge_preserves_skew;Gauge.nonabelian_curvature_preserves_skew;Gauge.nonabelian_discrete_curvature_boundary,LEAN_PROVED,False,,,CORE-FORMALIZED,Nonabelian curvature package preserves the skew sector after adding the wedge layer.
D0-GAUGE-BIANCHI-RESIDUAL-BOUNDARY-001,BOOK_08,bianchi residual boundary,D0.Gauge.BianchiResidual,Gauge.residual_expands_by_definitions;Gauge.exact_residual_graph_anomaly_boundary,LEAN_PROVED,False,,,NO-GO,Residual expansion is exact by definition; flat ungraded residual is NO-GO while graded incidence Bianchi is closed.
D0-GAUGE-YANG-MILLS-KILLING-POSITIVITY-001,BOOK_08,yang mills killing positivity,D0.Gauge.YangMillsKillingPositivity,Gauge.discreteYangMillsAction_nonnegative_of_killing_nonpos,LEAN_PROVED_WITH_BRIDGE_ASSUMPTIONS,True,ASSUMP-COMPACT-LIE-KILLING-NEGATIVE,,BRIDGE-ASSUMPTIONS-EXPLICIT,Yang-Mills positivity follows from assumed negative semidefinite Killing form. [was:BRIDGE-ASSUMPTION]
D0-FINAL-BRIDGE-INDEX-001,BOOK_08,final bridge index,D0.Bridge.FinalBridgeIndex,Bridge.D0_FINAL_FOUNDATION_INDEX,LEAN_PROVED,False,,,CORE-FORMALIZED,Machine-checkable final bridge index over closed D0 foundation groups.
D0-HURWITZ-LOCAL-BOUNDARY-001,BOOK_04,Hurwitz local finite boundary,D0.Algebra.HurwitzLocalBoundary,Algebra.dim_one_admissible;Algebra.dim_two_admissible;Algebra.dim_four_admissible;Algebra.dim_eight_admissible;Algebra.dim_one_has_local_finite_witness;Algebra.dim_two_has_local_finite_witness;Algebra.dim_four_has_local_finite_witness;Algebra.dim_eight_has_local_finite_witness;Algebra.hurwitz_local_boundary_split,LEAN_PROVED,False,,,CORE-FORMALIZED,Local finite admissibility and table witnesses are internal D0 theorems for dimensions 1/2/4/8.
D0-EXTERNAL-BACKGROUND-HURWITZ-GLOBAL-CLASSIFICATION-001,BOOK_04,global Hurwitz/Lagrange classification external background,D0.Algebra.D0InternalDimensionSelector,Algebra.global_hurwitz_classification_not_core_dependency,DEPRECATED,False,,,EXTERNAL-BACKGROUND,Global normed-division exhaustion is no longer an active D0 core dependency; D0 core uses the finite internal selector.
D0-GAUGE-MATRIX-REP-TRANSFORM-001,BOOK_05/06,matrix representation finite gauge transform,D0.Gauge.MatrixRepGaugeTransform,Gauge.gaugeTransformFinite_well_typed;Gauge.discreteMaurerCartan_well_typed;Gauge.matrixRepCurvature_well_typed;Gauge.gaugeTransformFinite_preserves_skew_of_orthogonal;Gauge.matrixRepCurvature_preserves_skew;Gauge.matrix_rep_yang_mills_action_nonnegative_of_skew,LEAN_PROVED,False,,,CORE-FORMALIZED,Finite matrix-representation Yang-Mills layer is closed without asserting abstract graded Bianchi.
D0-NO-GO-ABSTRACT-LIERING-FINITE-TRANSFORM-001,BOOK_05/06,abstract LieRing finite transform no-go,D0.Gauge.MatrixRepGaugeTransform,Gauge.abstract_lieRing_finite_transform_requires_associative_representation,LEAN_PROVED,False,,,NO-GO,Finite transform cannot be stated in bare abstract LieRing form without an associative matrix representation.
D0-GAUGE-BIANCHI-GRADED-DEPRECATED-001,BOOK_05/06,deprecated exact Bianchi placeholder,D0.Gauge.MatrixRepGaugeTransform,Gauge.exact_bianchi_identity_replaced_by_graded_incidence_closure,DEPRECATED,False,,,DEPRECATED,Replaced by D0-GRADED-BIANCHI-EXACT-001; exact Bianchi is closed on the graded incidence complex.
D0-BRIDGE-SI-CALIBRATION-BOUNDARY-001,BOOK_08,SI bridge calibration boundary,D0.Bridge.SICalibrationBoundary,Bridge.c0_c2_scale_action_values_only;Bridge.c0_c2_cannot_alter_a0_a2_trace_shapes;Bridge.si_calibration_belongs_to_bridge_calibration_status;Bridge.si_calibration_cannot_promote_to_core_closed,PYTHON_CERTIFIED,False,,vp_si_calibration_boundary.py,BRIDGE-CALIBRATION,c0/c2/G_N/H0 are bridge calibration symbols and cannot mutate core a0/a2 trace shapes.
D0-HURWITZ-INTERNAL-DIMENSION-SELECTOR-001,BOOK_04,D0 internal dimension selector,D0.Algebra.D0InternalDimensionSelector,Algebra.d0_internal_dimension_value;Algebra.d0_internal_dimension_value_mem;Algebra.d0_admissible_dimension_iff;Algebra.d0_admissible_internal_dimension_iff;Algebra.octonion_witness_not_associative_matrix_algebra;Algebra.d0_selector_closes_core_internal_dimension,LEAN_PROVED,False,,,CORE-FORMALIZED,D0 core dimension selection is finite and internal; octonion witness is finite composition data not an associative Matrix 8 8 algebra.
D0-GAUGE-WILSON-LINK-COVARIANCE-001,BOOK_05/06,Wilson-link finite gauge covariance,D0.Gauge.WilsonLinkGaugeCovariance,Gauge.wilson_loop_covariance,LEAN_PROVED,False,,,CORE-FORMALIZED,Finite gauge covariance is closed on group-valued Wilson links by path rewriting and inverse cancellation.
D0-NO-GO-NAIVE-LOCAL-GAUGE-COVARIANCE-001,BOOK_05/06,naive local gauge covariance counterexample,D0.Gauge.WilsonLinkGaugeCovariance,Gauge.naive_local_gauge_covariance_counterexample_fin3,LEAN_PROVED,False,,,NO-GO,Old naive flat matrix local transform has a concrete Fin 3 counterexample.
D0-GRADED-BIANCHI-EXACT-001,BOOK_05/06,graded incidence Bianchi closure,D0.Gauge.GradedBianchiIdentity,Topology.graded_nilpotency;Topology.discrete_exact_bianchi;Topology.graded_bianchi_exact;Gauge.abelian_bianchi_exact;Gauge.graded_bianchi_exact,LEAN_PROVED,False,,,CORE-FORMALIZED,Bianchi is exact on a graded incidence complex by boundary nilpotency.
D0-NO-GO-UNGRADED-BIANCHI-RESIDUAL-001,BOOK_05/06,ungraded flat matrix Bianchi residual no-go,D0.Gauge.GradedBianchiIdentity,Gauge.ungraded_bianchi_residual_counterexample_fin2,LEAN_PROVED,False,,,NO-GO,Flat ungraded commutator graph has a concrete Fin 2 residual counterexample.
D0-BRIDGE-SI-CALIBRATION-CLOSURE-001,BOOK_08,SI calibration type closure,D0.Bridge.SICalibrationClosure,Bridge.core_traces_are_dimensionless;Bridge.calibration_changes_only_action_scaling;Bridge.calibration_changes_units_not_core_shape;Bridge.no_si_observable_without_external_calibration;Bridge.h0_gn_lambda_are_not_core_observables;Bridge.si_observables_require_external_calibration,LEAN_PROVED,False,,,BRIDGE-CALIBRATION,D0 core computes dimensionless traces; H0/GN/Lambda require an explicit ExternalSICalibration object.
D0-INTERPRETATION-SPINE-001,BOOK_00/08,unified interpretation spine and single SI readout,D0.Bridge.InterpretationSpine,Bridge.interpretation_package_keeps_core_dimensionless;Bridge.interpretation_package_does_not_mutate_core_shape;Bridge.si_readout_uses_single_external_calibration;Bridge.interpretation_spine_has_single_si_readout;Bridge.empirical_comparison_is_after_si_readout;Bridge.interpretation_package_rg_readout_coherent;Bridge.interpretation_package_spectral_action_readout_coherent;Bridge.interpretation_package_cosmology_shape_readout_coherent;Bridge.interpretation_package_gauge_readout_coherent;Bridge.interpretation_package_passports_external;Bridge.interpretation_spine_coherence_contract;Bridge.interpretation_package_from_existing_anchors_coherent,LEAN_PROVED,False,,,CORE_BRIDGE_SPLIT,Unified dimensionless interpretation spine: RG/spectral/cosmology/gauge coherence is a typed readout package assembled from existing anchors and SI readout uses one ExternalSICalibration without mutating core shape.
D0-TORUS-CORE13-GEOMETRY-001,BOOK_02/03,Torus-Core13 finite geometry origin,D0.Geometry.TorusCore13GeometryOrigin,Geometry.torus_shell_card_eq_three;Geometry.TorusParameter.outer_inner_ratio;Geometry.TorusParameter.major_minor_ratio;Geometry.TorusParameter.equator_ratio;Geometry.radial_hopping_phase_drift_commutator_01;Geometry.radial_hopping_phase_drift_noncommute,LEAN_PROVED,False,,vp_torus_core13_geometry_origin.py,CORE-FORMALIZED,Finite torus shell owner proves three-shell carrier and noncommuting radial hopping versus phase drift without data input.
D0-TORUS-GENERATION-SELECTOR-001,BOOK_04,Torus-sourced generation selector origin,D0.Matter.GenerationSelectorOrigin,Matter.torus_geometry_forces_generation_selector_noncommute,LEAN_PROVED,False,,vp_generation_selector_origin.py,CORE-FORMALIZED,Generation selector noncommutativity is sourced from finite torus shell geometry rather than a detached fixture selector.
D0-TORUS-GENERATION-OVERLAP-001,BOOK_04,Torus-sourced generation overlap response,D0.Matter.GenerationOverlapResponseOrigin,Matter.torus_shell_noncommutativity_forces_nonpermutation_overlap_source,LEAN_PROVED,False,,vp_generation_selector_origin.py,CORE-FORMALIZED,Overlap origin is tied to torus shell noncommutativity while physical CKM entries remain downstream passport data.
D0-BORN-QUADRATIC-ORIGIN-001,BOOK_01/02,Born quadratic finite origin,D0.Core.BornQuadraticOrigin,parallelogram_response_is_quadratic_form;quarter_turn_quadratic_forces_norm_square;born_quadratic_origin_closed,LEAN_PROVED,False,,vp_born_quadratic_origin.py,CORE-FORMALIZED,Finite phase quadrature gives quadratic response and unit phase-blind calibration gives norm-square before Born normalization.
D0-CKM-NONTRIVIAL-FLAVOUR-ALGEBRA-001,BOOK_04,nontrivial flavour defect algebra,D0.Matter.CKMNontrivialFlavourAlgebra,Matter.permutation_witness_has_no_nontrivial_flavour_transfer;Matter.overlap_response_can_force_nonpermutation_transfer;Matter.torus_overlap_generates_nonpermutation_flavour_transfer;Matter.nontrivial_flavour_defect_positive_response;Matter.nontrivial_flavour_defect_admissible_for_meson_transfer,LEAN_PROVED,False,,vp_generation_overlap_response_origin.py,CORE-FORMALIZED,Finite flavour defect is sourced by non-permutation overlap and has positive response without physical CKM entries.
D0-QUASI009-CKM-PHASON-HOLONOMY-001,BOOK_04/08,CKM as finite phason holonomy origin,D0.Matter.CKMPhasonHolonomy,Matter.torus_shell_noncommutator_is_phason_connection_curvature;Matter.phason_parallel_transport_around_shells_is_unitary;Matter.phason_holonomy_response_has_multisupport_row;Matter.phason_holonomy_response_not_permutation;Matter.ckm_cp_phase_is_chiral_phason_bundle_twist;Matter.ckm_matrix_is_phason_holonomy_on_torus_core13,LEAN_PROVED,False,,vp_ckm_phason_holonomy_k0.py,CORE-FORMALIZED,Finite formal origin: non-permutation phason holonomy on the Torus Core-13 shell loop with rational unitary transport and chiral orientation twist; external CKM comparison passport/certificate is not core and no PDG entries are used.
D0-MESON-POSITIVE-DEFECT-TRANSFER-001,BOOK_04,meson positive defect transfer origin,D0.Matter.MesonDefectTransferOrigin,Matter.meson_support_projector_idempotent;Matter.flavour_defect_positive_response;Matter.meson_positive_defect_transfer_admissible,LEAN_PROVED,False,,vp_meson_positive_defect_transfer.py,CORE-FORMALIZED,Meson transfer uses the typed Edge by Generation carrier and lifted flavour defect rather than a direct sum of unrelated spaces.
D0-GRAVITY-ENTROPIC-ARCHIVE-001,BOOK_07,finite archive entropic gravity interface,D0.Gravity.EntropicArchiveInterface,Gravity.boundary_capacity_nonnegative;Gravity.graph_laplacian_symmetric;Gravity.conserved_flux_no_creation;Gravity.entropic_tension_energy_nonnegative;Gravity.entropic_archive_interface_closure,LEAN_PROVED,False,,vp_entropic_archive_gravity.py,CORE-FORMALIZED,Finite graph cut capacity heat-trace observable archive flux conservation and nonnegative entropic tension are formal D0 objects.
D0-GRAVITY-MACRO-EINSTEIN-INTERFACE-001,BOOK_07,macro Einstein-Hilbert interface from finite gravity witness,D0.Gravity.MacroEinsteinInterface,Gravity.spectral_a2_eh_bridge_closed;Gravity.finite_gravity_macro_constraints_closed;Gravity.macro_tension_einstein_hilbert_interface_closed;Gravity.finite_gravity_witness_yields_einstein_hilbert_interface,LEAN_PROVED,False,,vp_macro_einstein_interface.py,CORE_BRIDGE_SPLIT,Finite witness yields symmetric divergence-free second-order TT-compatible macro interface; no continuum Einstein-Hilbert primitive is imported into core.
D0-TORAL-AUTOMORPHISM-GALOIS-BALANCE-001,BOOK_03/06/07/08,toral automorphism Galois dark-balance,D0.Dynamics.ToralAutomorphism;D0.Dynamics.GaloisConjugateBalance;D0.Dynamics.DarkSectorCoarseGrain,Dynamics.trace_evolution_unfolds_d0_geometry;Dynamics.det_T;Dynamics.det_T_pow;Dynamics.toral_volume_conservation_square;Dynamics.trace_T_pow_eq_signed_lucas;Dynamics.generationTrace_eq_three;Dynamics.abcdTrace_eq_four;Dynamics.memoryTorusTrace_eq_eleven;Dynamics.dark_sector_even_window_readout_zero,LEAN_PROVED,False,,vp_toral_automorphism_galois_balance.py,CORE-FORMALIZED,Fixed finite integer time matrix T yields signed Lucas trace layers 3/4/11 determinant-square volume balance and exact even-window archive sign cancellation without external-data input.
D0-TRACE-HEAT-CAPACITY-GRAVITY-001,BOOK_01/03/06/07/08,trace-heat-capacity gravity,D0.Core.FixedDetectorTimeLadder;D0.Dynamics.TraceHeatCapacityGravity,Core.detector_fixed_under_time_ladder;Core.readout_depends_on_time_power;Core.active_archive_trace_readout_integer;Dynamics.heat_moment_T2_eq_even_lucas_trace;Dynamics.heat_moment_eq_even_lucas;Dynamics.lefschetz_spectrum_unfolds_scene;Dynamics.boundary_capacity_is_quarter_cut_weight;Dynamics.saturated_region_forces_boundary_encoding;Dynamics.black_hole_capacity_saturation_rule;Dynamics.heat_trace_entropy_gradient_admits_gravity_interface,LEAN_PROVED,False,,vp_trace_heat_capacity_gravity.py,CORE_BRIDGE_SPLIT,Fixed finite boundary trace-heat capacity block proves T^2 heat moments as even Lucas traces and saturation as boundary encoding while macro gravity stays bridge-scoped through the finite witness.
D0-MASTER-EVOLUTION-001,BOOK_00/01/03/06/07/08,master finite evolution theorem,D0.Dynamics.MasterEvolutionTheorem,Dynamics.T_squared_plus_T_minus_identity_eq_zero;Dynamics.det_T_pow_square_eq_one;Dynamics.lucas_heat_moment_bridge;Dynamics.detector_is_fixed_under_ladder;Dynamics.d0_phi_quasicrystal_vacuum_support;Dynamics.master_evolution_theorem,LEAN_PROVED,False,,vp_master_evolution_theorem.py,CORE-FORMALIZED,Single finite evolution package closes T quadratic identity signed Lucas traces Lefschetz scene counts determinant-square balance dark even-window cancellation heat-Lucas moments fixed detector ladder and phi-quasicrystal support without external data.
D0-INFORMATION-QUASICRYSTAL-PHASE-UNFOLDING-001,BOOK_00/01/06/07/08,information quasicrystal phase unfolding,D0.Geometry.HurwitzRigidPhaseGenerator;D0.Geometry.PhaseReturnBranchCount;D0.Geometry.PhaseUnfoldingQuasicrystal,Geometry.phi_phase_is_nonperiodic;Geometry.phi_continued_fraction_all_ones;Geometry.hurwitz_rigid_low_denominator_bound;Geometry.finite_return_modulus_unfolds_branches;Geometry.toral_runtime_supplies_quasicrystal_order;Geometry.quasicrystal_order_not_periodic_lattice,LEAN_PROVED,False,,vp_information_quasicrystal_phase_unfolding.py,CORE-FORMALIZED,Finite tick order plus irrational phi^-2 phase plus return quotients yields ordered aperiodic readout-generated branch geometry without a primitive lattice.
D0-CONDENSED-PHI-VACUUM-CUT-PROJECT-001,BOOK_00/01/02/06/08,condensed phi-vacuum cut-project support,D0.Condensed.CondensedPhiVacuum;D0.Physics.QuasicrystalPhenomenology,phi_vacuum_stage_card_eq_two;condensed_phi_vacuum_support_closed;cut_project_quasicrystal_matches_phase_unfolding;Physics.d0_phi_cut_project_matches_condensed_phi_vacuum,LEAN_PROVED,False,,vp_condensed_phi_vacuum_cut_project.py,CORE-FORMALIZED,Condensed/profinite phi-vacuum support exposes terminal qT=44 branch count 20 electroweak qEW=710 branch count 280 and depth 35 and the physics cut-project readout is tied to this support.
D0-QUASICRYSTAL-PHENOMENOLOGY-OPERATOR-ORIGIN-001,BOOK_00/01/02/04/06/07/08,quasicrystal phenomenology operator origin,D0.Physics.QuasiGenerationsInflation;D0.Physics.ArchivePhasonDarkMatter;D0.Physics.WindowOffsetChirality;D0.Physics.PhasonFlipInertia;D0.Physics.WindowFractionalCharge;D0.Physics.QuasicrystalPhenomenology,Physics.quasi_generation_inflation_orbit;Physics.archive_phason_strain_em_dark_metric_visible;Physics.window_offset_forces_chiral_readout;Physics.phason_flip_drag_positive_cost;Physics.fractional_charge_window_weights;Physics.quasicrystal_phenomenology_operator_origin,LEAN_PROVED,False,,vp_quasicrystal_phenomenology_operator_origin.py,CORE-FORMALIZED,One D0PhiCutProject finite cut-and-project owner yields generation inflation classes archive phason dark metric response window-offset chirality phason-flip rewrite inertia and fractional window-sector charge weights.
D0-QUASI008-PHASON-FLIP-ENTROPY-SDE-001,BOOK_07/08,phason flip entropy S_DE finite algebra,D0.Cosmology.PhasonFlipEntropy,Cosmology.phason_flip_entropy_nonnegative;Cosmology.archive_pressure_is_phason_flip_entropy_osmosis;Cosmology.phason_flip_transfer_matrix_has_sde_polynomial;Cosmology.sde_roots_are_phason_flip_relaxation_modes,LEAN_PROVED,False,,vp_phason_flip_entropy_sde.py,CORE-FORMALIZED,Finite formal S_DE owner: archive pressure is phason-flip entropy osmosis and the finite transfer characteristic is 160 lambda^2 - 480 lambda + 359; external BAO/DESI survey comparison is a passport/certificate and not core.
D0-QUASI006-GALOIS-LORENTZ-SIGNATURE-001,BOOK_06/07/08,galois lorentz signature,D0.Physics.GaloisLorentzSignature,Physics.galois_lorentz_signature_closed,LEAN_PROVED,False,,vp_galois_lorentz_signature.py,CORE-FORMALIZED,"Active/archive Galois trace layers and determinant-square balance are integrated with the terminal role signature (1,3) while Euclidean and split exports remain blocked."
D0-HIGGS-SCALAR-PROJECTOR-CONSTRUCTIVE-001,BOOK_04,constructive finite Higgs scalar projector,D0.Matter.HiggsScalarProjectorConstructive,Matter.commutes_XZ_forces_scalar_matrix;Matter.nonzero_gauge_idempotent_eq_identity;Matter.rank1_scalar_projector_breaks_su2_gauge_compatibility;Matter.rank2_scalar_projector_exists;Matter.minimal_positive_scalar_projector_rank_two;Matter.minimal_positive_scalar_projector_unique;Matter.higgs_yukawa_core_promotion_valid,LEAN_PROVED,False,,vp_higgs_scalar_projector_constructive.py,CORE-FORMALIZED,Frozen rational SU2 doublet compatibility forces the unique nonzero idempotent scalar projector to be identity trace-rank two without external scalar constants.
D0-QUASI002-PHASON-STRAIN-GENERATIONS-BARYON-001,BOOK_02/04/05/08,phason strain generations and baryon S3,D0.Matter.PhasonStrainGenerations,Matter.phason_mode_card_eq_three;Matter.generation_phason_mode_card_eq_three;Matter.baryon_phason_triple_card_eq_27;Matter.baryon_phason_symmetric_sector_dim_eq_ten;Matter.phason_s3_symmetrizer_admits_baryon_decuplet_transfer;Matter.full_baryon_multiplet_requires_phason_s3_symmetrizer;Matter.phason_strain_generations_baryon_closure,LEAN_PROVED,False,,vp_quasi002_phason_strain_generations_baryon.py,CORE-FORMALIZED,Phason modes are the three torus-shell roles ordered baryon triples have dimension 27 the S3 symmetric sector has decuplet dimension 10 and nucleon-line extrapolation remains forbidden without the phason S3 symmetrizer.
D0-QUASI007-MESON-PHASON-DOMAIN-WALLS-001,BOOK_04/08,meson phason domain-wall carrier,D0.Matter.MesonPhasonDomainWalls,Matter.meson_phason_domain_wall_boundary_nonzero;Matter.meson_phason_domain_wall_card_eq_six;Matter.meson_domain_wall_generation_carrier_card_eq_eighteen;Matter.meson_domain_wall_transfer_uses_lifted_defect;Matter.meson_phason_domain_wall_closure,LEAN_PROVED,False,,vp_phason_domain_wall_mesons.py,CORE-FORMALIZED,Meson domain walls are six oriented nonzero phason boundaries lifted by generation readout to an 18-state finite carrier while meson transfer still uses the existing Edge by Generation lifted flavour-defect origin.
D0-ICECUBE-001,BOOK_04/05/08,neutrino phason decoherence passport,D0.Matter.NeutrinoPhasonWaves;D0.Passport.IceCubePhasonDecoherence,Matter.neutrino_neutral_leakage_is_bulk_phason_wave;Matter.neutral_phason_wave_has_no_em_coupling;Matter.delta0_over_four_is_phason_birefringence_seed;Matter.phason_wave_decoherence_kernel_positive;Passport.icecube_decoherence_passport_requires_external_manifest;Passport.empty_icecube_manifest_cannot_run,LEAN_PROVED,False,,vp_neutrino_phason_decoherence_passport.py,EMPIRICAL-PASSPORT,Neutrino is a neutral bulk phason leakage mode internally; IceCube decoherence comparison is skipped until a complete external event energy direction response and hash manifest is supplied.
D0-NO-GO-STRESS-SUITE-001,BOOK_02/04/05/06/07,integrated no-go stress-test suite,D0.NoGo.StressTestSuite,NoGo.no_go_rank_one_higgs_scalar_projector;NoGo.no_go_isolated_phason_generation_carrier;NoGo.no_go_isolated_phason_baryon_s3_sector;NoGo.no_go_euclidean_signature_export;NoGo.no_go_stress_test_suite_closed,LEAN_PROVED,False,,vp_no_go_stress_test_suite.py,NO_GO_PROVED,Negative-control suite blocks rank-one Higgs scalar projectors isolated one-phason generation or baryon closure and Euclidean signature export.
D0-HULL-001,BOOK_00/01,D0 tiling hull,D0.Topology.TilingHull,Topology.d0_hull_has_finite_local_complexity;Topology.d0_hull_has_phi_cut_project_origin;Topology.d0_hull_is_nonperiodic;Topology.d0_hull_has_long_range_order;Topology.d0_hull_supports_gap_labeling,LEAN_PROVED,False,,vp_d0_tiling_hull.py,CORE-FORMALIZED,D0 tiling hull is aperiodic and repetitive with finite local complexity.
D0-KTHEORY-001,BOOK_00/01/02/04/05/06,K-theory and gap labeling,D0.Matter.KTheoryGapLabeling,Matter.gap_label_is_topological_not_fitted;Matter.d0_gap_labels_are_countable;Matter.gap_labeling_requires_frozen_operator;Matter.meson_domain_wall_spectrum_admits_k0_labels;Matter.ckm_holonomy_spectrum_admits_k0_labels;Matter.archive_pressure_spectrum_admits_k0_labels,LEAN_PROVED,False,,vp_gap_labeling_d0_tiling_hull.py,CORE-FORMALIZED,Stable K-theory gap labels are countable and topological.
D0-SOLENOID-001,BOOK_01/07,noncommutative solenoid,D0.Geometry.NonCommutativeSolenoid,Geometry.d0_hull_admits_noncommutative_solenoid_model,LEAN_PROVED,False,,vp_noncommutative_solenoid_gravity.py,CORE-FORMALIZED,Noncommutative solenoid model is admitted over the tiling hull.
D0-SOLENOID-GRAVITY-001,BOOK_07,noncommutative solenoid gravity,D0.Geometry.NonCommutativeSolenoidGravity,Geometry.d0_heat_trace_admits_solenoid_spectral_triple_approx;Geometry.finite_spin2_operator_is_tt_sector_of_solenoid_spectral_geometry;Geometry.wtt4_is_compatible_with_noncommutative_solenoid_geometry,LEAN_PROVED,False,,vp_noncommutative_solenoid_gravity.py,CORE-FORMALIZED,Spectral triple heat trace and TT sector are compatible with noncommutative solenoid geometry.
D0-MESON-K0-001,BOOK_04/08,meson domain wall spectrum gap labels,D0.Matter.MesonPhasonDomainWalls,Matter.lower_hodge_400_is_domain_wall_tension_seed;Matter.meson_domain_wall_fluctuation_operator_has_spectral_gaps;Matter.meson_domain_wall_gaps_have_k0_labels;Matter.k0_labels_permit_meson_spectral_passport,LEAN_PROVED,False,,vp_phason_domain_wall_mesons.py,CORE-FORMALIZED,Meson domain wall tension and spectrum admit stable K0 gap labels.
D0-CKM-K0-001,BOOK_04/08,CKM phason holonomy K-class,D0.Matter.CKMPhasonHolonomy,Matter.torus_shell_noncommutator_defines_phason_connection_curvature;Matter.ckm_holonomy_has_k_theory_class;Matter.ckm_cp_phase_is_oriented_noncommutative_area,LEAN_PROVED,False,,vp_ckm_phason_holonomy_k0.py,CORE-FORMALIZED,CKM holonomy has a stable K-theory class and CP phase is oriented noncommutative area.
D0-SDE-K0-001,BOOK_08,S_DE gap labels,D0.Cosmology.PhasonFlipEntropy,Cosmology.sde_relaxation_modes_have_gap_labels;Cosmology.archive_pressure_spectrum_is_gap_labeled,LEAN_PROVED,False,,vp_phason_flip_entropy_sde.py,CORE-FORMALIZED,S_DE relaxation modes are gap-labeled.
D0-SRC-001,BOOK_04,nuclear shell-contact SRC operator,D0.Matter.NuclearShellContactSRC,Matter.same_shell_contact_index_zero_for_unmatched_valence_protons;Matter.same_shell_contact_turns_on_for_matched_valence_pn;Matter.src_contact_requires_shell_projector_overlap;Matter.nuclear_shell_contact_src_closure,LEAN_PROVED,False,,vp_nuclear_shell_contact_src.py,CORE-FORMALIZED,SRC contact is a finite shell-projector overlap readout through an angular-momentum shell-contact selector.
D0-SRC-NOGO-001,BOOK_04/05,nuclear SRC scalar no-go,D0.Matter.NuclearShellContactSRC,Matter.mass_number_alone_cannot_determine_src_contact;Matter.neutron_excess_alone_cannot_determine_src_contact,LEAN_PROVED,False,,vp_nuclear_shell_contact_src.py,NO_GO_PROVED,A-only and N/Z-only SRC scalar promotion fails on the finite Ca/Fe shell-contact witness.
D0-CVFT-001A,BOOK_00/01/02/03,finite feedback operator core,D0.Dynamics.InternalFeedbackResolvent;D0.Cosmology.FeedbackPartitionFunction,Dynamics.internal_feedback_forced_by_split;Dynamics.internal_feedback_resolvent_series;Cosmology.feedback_determinant_return_cycles;Cosmology.feedback_variation_universal_source;Cosmology.feedback_pressure_trace_log,LEAN_PROVED,False,,vp_closed_vacuum_feedback_full_wave.py,CORE-FORMALIZED,Closed finite feedback operator core F_N=P_N U_N^dagger Q_N U_N P_N with resolvent determinant trace variation and feedback pressure law.
D0-CVFT-001B,BOOK_04/06/07/08,sector projection package,,,OPEN,False,,,PROOF-TARGET,Sector projection package points to CVFT-F1 through CVFT-F8 and may not close matter gravity cosmology horizon gauge or empirical passport rows automatically.
D0-CVFT-NOGO-001,BOOK_05/08,closed vacuum feedback no-go firewall,D0.Dynamics.InternalFeedbackResolvent;D0.Cosmology.FiniteFeedbackEquationOfState;D0.Matter.TerminalFeedbackModes;D0.Cosmology.SDEFeedbackReduction,Dynamics.external_mirror_model_forbidden;Cosmology.ideal_gas_core_postulate_forbidden;Matter.matter_as_arbitrary_eigenvalue_forbidden;Cosmology.desi_root_refit_repair_forbidden;Cosmology.desi_window_refit_repair_forbidden;Cosmology.arbitrary_kernel_repair_not_theorem_grade,LEAN_PROVED,False,,vp_closed_vacuum_feedback_full_wave.py,NO_GO_PROVED,External mirror vacuum photon-acceleration interpretation ideal-gas postulate arbitrary-eigenvalue matter and DESI/SPARC root window or arbitrary-kernel repairs are forbidden.
D0-CVFT-F1,BOOK_02/04/08,CVFT coefficient-origin trace residue program,,,OPEN,False,,,PROOF-TARGET,Residue/coefficient origin must be derived from the feedback resolvent trace program before any physical coefficient promotion. [was:PROOF-OBLIGATION-EXPOSED]
D0-CVFT-F2,BOOK_07/08,CVFT horizon greybody leakage program,,,OPEN,False,,,PROOF-TARGET,Horizon emission and greybody leakage remain frontier until the boundary operator and observable passport are frozen. [was:THEOREM-TARGET-SHARPENED]
D0-CVFT-F3,BOOK_04,CVFT hadron resonance pole transfer program,,,OPEN,False,,vp_cvft_baryon_s3_scaffold.py,CERT-CLOSED,Finite carrier/symmetrizer scaffold is certified for 27D triple carrier S3 representation 10D symmetric carrier antisymmetric rank-one sector and U_eff^B admissibility; spin/flavour transfer PDG and masses remain open. [was:OPERATOR-SCAFFOLD-CERTIFIED]
D0-CVFT-F3B,BOOK_04,CVFT baryon spin-flavour 40/56 transfer,,,OPEN,False,,vp_cvft_baryon_spin_flavour_40_56.py,CERT-CLOSED,Finite internal spin/flavour transfer certifies rank-40 fully symmetric separable sector rank-56 diagonal exchange-symmetric carrier and rank40 subset rank56; PDG names masses widths and GeV conversion remain excluded. [was:SPIN-FLAVOUR-TRANSFER-CERTIFIED]
D0-CVFT-F4,BOOK_02/05,CVFT UV feedback-tail cut program,,,OPEN,False,,,PROOF-TARGET,UV cutoff claims have deterministic finite cert candidates for the refined tail bound under |z|rho(F_N)<1; Lean proof remains open. [was:CERT-CANDIDATE]
D0-CVFT-F5,BOOK_04/08,CVFT dynamic neutrino decoherence program,,,OPEN,False,,,PROOF-TARGET,IceCube dynamic feedback is an external passport candidate until data manifest response and frozen operator are pinned. [was:EMPIRICAL-PASSPORT-CANDIDATE]
D0-CVFT-F6,BOOK_04/07,CVFT gauge-boundary leakage obstruction program,,,OPEN,False,,,PROOF-TARGET,Yang-Mills leakage/mass-gap language requires a gauge-boundary commutator obstruction theorem. [was:LOWER-BOUND-TARGET]
D0-CVFT-F7,BOOK_07,CVFT boundary-local holographic rank lemma,,,OPEN,False,,,PROOF-TARGET,Boundary-local rank control has deterministic finite cert candidates; it supports localization only and is not an A4 proof. [was:CERT-CANDIDATE]
D0-CVFT-F8,BOOK_08,CVFT S_DE exceptional-point effective transfer,,,OPEN,False,,,PROOF-TARGET,S_DE exceptional-point algebra is an effective two-mode transfer candidate only; not DESI pass H0 theorem or cosmology closure. [was:CERT-CANDIDATE]
D0-IM-001,BOOK_06,self-substrate trace principle,D0.IM.SelfSubstrateTrace,self_substrate_trace_principle_cert,PYTHON_CERTIFIED,False,,vp_self_substrate_trace_principle.py,CERT-CLOSED,IM substrate trace cert.
D0-IM-002,BOOK_06,fractal tick informational mechanics,D0.IM.FractalTick,fractal_tick_cert,PYTHON_CERTIFIED,False,,vp_fractal_tick_informational_mechanics.py,CERT-CLOSED,Fractal tick cert.
D0-IM-003,BOOK_06,continuum from fractal tick,D0.IM.ContinuumFromFractalTick,continuum_from_fractal_tick_cert,PYTHON_CERTIFIED,False,,vp_continuum_from_fractal_tick.py,CERT-CLOSED,Continuum envelope cert.
D0-IM-004,BOOK_01/06,witness topological halting,D0.Topology.WitnessHalting,witness_halting_cert,PYTHON_CERTIFIED,False,,vp_mobius_witness_topological_halting.py,CERT-CLOSED,Möbius witness halting cert.
D0-FOUND-004,BOOK_02,quadratic peel born holography,D0.Foundation.QuadraticPeel,quadratic_peel_born_holography_cert,PYTHON_CERTIFIED,False,,vp_quadratic_peel_born_holography.py,CERT-CLOSED,Quadratic peel cert.
D0-GRAV-004,BOOK_07,measurement horizon equivalence,D0.Gravity.MeasurementHorizonEquivalence,measurement_horizon_equivalence_cert,PYTHON_CERTIFIED,False,,vp_measurement_horizon_equivalence.py,CERT-CLOSED,Measurement seam / horizon law cert. [was:OPERATOR-LAW-CLOSED]
D0-GRAV-005,BOOK_07,optical jet backreaction,D0.Gravity.OpticalJetBackreaction,optical_jet_backreaction_cert,PYTHON_CERTIFIED,False,,vp_optical_jet_backreaction.py,CERT-CLOSED,Optical jet backreaction law cert. [was:OPERATOR-LAW-CLOSED]
D0-IM-005,BOOK_01/02/06,fractal continuum witness halting,D0.IM.FractalContinuumAndWitnessHalting,fractal_continuum_witness_halting_corrected,PYTHON_CERTIFIED,False,,vp_continuum_from_fractal_tick.py,CERT-CLOSED,Corrected continuum/witness halting layer.
D0-GRAV-006,BOOK_07,horizon jet and baryon pole layer,D0.Gravity.HorizonJetAndBaryonPole,horizon_jet_baryon_pole_layer_cert,PYTHON_CERTIFIED,False,,vp_horizon_jet_axis_observable.py,CERT-CLOSED,Horizon closed; jet + baryon image-basis certs present. [was:CERT-SCAFFOLD-CLOSED]
D0-EDGE-001,BOOK_04,edge alpha trace target,D0.Edge.AlphaRamificationConstructive,edge_alpha_trace_target,OPEN,False,,,PROOF-TARGET,Guardrail target retained.
D0-EDGE-002,BOOK_04,torus ramification puiseux target,D0.Edge.AlphaRamificationConstructive,torus_ramification_puiseux_target,OPEN,False,,,PROOF-TARGET,Guardrail target retained.
D0-EDGE-ALPHA-001,BOOK_04,edge alpha trace seam construction,D0.Edge.AlphaRamificationConstructive,edge_alpha_trace_seam_cert,PYTHON_CERTIFIED,False,,vp_edge_alpha_trace_constructive.py,CERT-CLOSED,Unitary dilation edge alpha trace cert. [was:EDGE-ALPHA-TRACE-CERT-CLOSED]
D0-EDGE-RAMIFICATION-001,BOOK_04,torus ramification companion cover,D0.Edge.RamificationFromUeEffCompanion,ramification_companion_cover_cert,PYTHON_CERTIFIED,False,,vp_ramification_edge_ueff_companion.py,CERT-CLOSED,Companion cover cert; physical-edge embedding remains scoped. [was:RAMIFICATION-COMPANION-COVER-CERT-CLOSED]
D0-BARYON-POLES-001,BOOK_04,baryon anonymous image poles,D0.Matter.BaryonAnonymousPoleSet,baryon_anonymous_image_poles_cert,PYTHON_CERTIFIED,False,,vp_baryon_40_56_anonymous_poles.py,CERT-CLOSED,Image-basis compressed pole cert. [was:BARYON-ANONYMOUS-POLE-CERT-CLOSED]
D0-HORIZON-JET-001,BOOK_07,horizon jet observable,D0.Gravity.HorizonJetAndBaryonPole,horizon_jet_observable_cert,PYTHON_CERTIFIED,False,,vp_horizon_jet_axis_observable.py,PROOF-TARGET,Finite observable cert; empirical jets passport. [was:HORIZON-JET-OBSERVABLE-CERT-SCAFFOLD]
D0-IM-PRED-001,BOOK_06/08,fractal continuum predictions,D0.IM.FractalContinuumPredictions,fractal_continuum_predictions_cert,PYTHON_CERTIFIED,False,,vp_fractal_continuum_predictions.py,CERT-CLOSED,Absolute/relative sign corrected. [was:FRACTAL-CONTINUUM-PREDICTION-CERT-CLOSED]
D0-IM-COSMO-001,BOOK_08,relative archive acceleration,D0.IM.RelativeArchiveAcceleration,relative_archive_acceleration_positive_second_difference,PYTHON_CERTIFIED,False,,vp_relative_archive_acceleration_cosmology_bridge.py,CERT-CLOSED,Internal relative acceleration; no survey fit. [was:RELATIVE-ARCHIVE-ACCELERATION-CERT-CLOSED]
D0-IM-COSMO-002,BOOK_08,relative pressure bridge law,D0.IM.ArchivePressureCoupling,relative_pressure_bridge_law,PYTHON_CERTIFIED,False,,vp_archive_pressure_coupling_from_relative_acceleration.py,CERT-CLOSED,Weak bridge; strong log-det is primary. [was:RELATIVE-PRESSURE-BRIDGE-LAW-CERT-CLOSED]
D0-IM-COSMO-003,BOOK_08,strong logdet pressure coupling,D0.IM.StrongLogdetPressure,strong_logdet_pressure_coupling,PYTHON_CERTIFIED,False,,vp_strong_logdet_pressure_coupling.py,CERT-CLOSED,Correct r(V) derivative. [was:LOGDET-PRESSURE-COUPLING-CERT-CLOSED]
D0-IM-COSMO-004,BOOK_08,logdet second response and stability,D0.IM.LogdetSecondResponse,logdet_second_response_stability_sign_corrected,PYTHON_CERTIFIED,False,,vp_logdet_second_response_and_stability.py,CERT-CLOSED,L bounded; Lp->0; Lpp<0 safe domain. [was:LOGDET-SECOND-RESPONSE-STABILITY-CERT-CLOSED]
D0-PUB-001,PUBLICATION,release monograph structure,D0.Publication.MonographStructure,release_monograph_structure_audit,OPEN,False,,,PROOF-TARGET,Audit-only publication structure. [publication-structure meta; deferred; was:PUBLICATION-MONOGRAPH-STRUCTURE]
D0-QUANT-MET-001,METROLOGY,quantum metrology limits,D0.Metrology.QuantumLimits,quantum_metrology_limits,PYTHON_CERTIFIED,False,,vp_quantum_metrology_limits.py,CERT-CLOSED,PSD purification inequality (lemma) + conditional φ^{-2} flux + Bragg spectrum targets. [was:OPERATOR-LEMMA-CERT]
D0-QUANT-MET-002,METROLOGY,psd purification inequality,D0.Metrology.PSDPurification,psd_purification_inequality,PYTHON_CERTIFIED,False,,vp_quantum_metrology_limits.py,CERT-CLOSED,Admitted operator lemma F_lab ≽ Π F_N Π. [was:OPERATOR-LEMMA-CERT]
D0-QUANT-MET-003,METROLOGY,phi-2 purification flux target,D0.Metrology.Phi2Flux,phi2_purification_flux_target,OPEN,False,,,PROOF-TARGET,φ^{-2} flux is sector hypothesis / prediction target. [was:CONDITIONAL-THEOREM-TARGET]
D0-QUANT-MET-004,METROLOGY,phason bragg line spectrum target,D0.Metrology.PhasonBragg,phason_bragg_line_spectrum_target,OPEN,False,,,PROOF-TARGET,Analog residual Bragg frequencies f_m = m φ^{-2} mod 1 as metrology target. [was:METROLOGY-PREDICTION-TARGET]
D0-XI5-TORUS-DEFECT-001,BOOK_03/06,torus address integerization defect,,,PYTHON_CERTIFIED,False,,vp_xi5_torus_defect.py,CERT-CLOSED,"xi5=phi^-5 torus-address defect: phi^5=11+phi^-5, L5=11, Tr(T^5)=-11; exact Z[phi]. Lean L4 queued. alpha-row stays CHK."
D0-VIETA-GALOIS-ABCD-001,BOOK_01/02,ABCD as Vieta/Galois data,,,PYTHON_CERTIFIED,False,,vp_vieta_galois_abcd.py,CERT-CLOSED,ABCD = Vieta=Galois data of x^2-x-1; delta0=1/(2phi^3) forced; exact Q(phi). Lean L4 queued.
D0-KERNEL-ZONE-SPLIT-001,BOOK_01/04,archive kernel zone split,,,PYTHON_CERTIFIED,False,,vp_kernel_zone_split.py,CERT-CLOSED,"ker(adj K(9,11,13))=30=8+10+12; rank 3 = space; exact integer LA. Lean L4 queued."
D0-DIM-LADDER-COMPACT-001,BOOK_06,dimension ladder compactification,,,PYTHON_CERTIFIED,False,,vp_dim_ladder_compact.py,CERT-CLOSED,Q(D)=phi^(D-4); quantum=1 at D=4=|ABCD|; Q(1)=phi^-3=2delta0; exact Q(phi). Lean L4 queued.
