claim_id,evidence_category,release_status,owner
D0-LEAN-CORE-001,CORE,CORE-FORMALIZED,D0.TheoremLedger.ReleaseStatus
D0-LEAN-BRIDGE-001,FORMALISM/PASSPORT,BRIDGE-ASSUMPTIONS-EXPLICIT,D0.TheoremLedger.ReleaseStatus
D0-FOUND-001,CORE,CORE-FORMALIZED,D0.Core.Phi
D0-PHI-HURWITZ-001,CORE,CORE-FORMALIZED,D0.NumberTheory.HurwitzMinimaxPhi
D0-ABCD-001,CORE,CORE-FORMALIZED,D0.Core.DyadABCD
D0-OMEGA8-001,CORE,CORE-FORMALIZED,D0.Core.DyadABCD
D0-OMEGA8-CENTER-001,CORE,CORE-FORMALIZED,D0.Foundation.Omega8Center
D0-CAPACITY-V9-001,CORE,CORE-FORMALIZED,D0.Core.FiniteTypes
D0-CAPACITY-V11-001,CORE,CORE-FORMALIZED,D0.Core.FiniteTypes
D0-CAPACITY-V13-001,CORE,CORE-FORMALIZED,D0.Core.FiniteTypes
D0-SCENE-001,CORE,CORE-FORMALIZED,D0.Combinatorics.Tripartite
D0-NCG-INDEX-001,CORE,CORE-FORMALIZED,D0.Combinatorics.Tripartite
D0-PHASE-UNFOLD-002,CORE,CORE-FORMALIZED,D0.Phase
D0-QM-BORN-001,FORMALISM/PASSPORT,BRIDGE-ASSUMPTIONS-EXPLICIT,D0.Born
D0-QM-BORN-002,FORMALISM/PASSPORT,BRIDGE-ASSUMPTIONS-EXPLICIT,D0.Born
D0-CARRIER-003,FORMALISM/PASSPORT,CORE_BRIDGE_SPLIT,D0.Algebra.Clifford
D0-GAUGE-MATTER-001,FORMALISM/PASSPORT,BRIDGE-ASSUMPTIONS-EXPLICIT,D0.Topology.BoundaryBoundary
D0-GAUGE-MATTER-002,CORE,CORE-FORMALIZED,D0.Gauge.AnomalySums
D0-RG-001,FORMALISM/PASSPORT,BRIDGE-ASSUMPTIONS-EXPLICIT,D0.Bridge.PhiDiscreteRG
D0-SMOOTH-001,FORMALISM/PASSPORT,BRIDGE-ASSUMPTIONS-EXPLICIT,D0.Bridge.SmoothMetricBridge
D0-PHASE-TOWER-001,CORE,CORE-FORMALIZED,D0.Combinatorics.PhaseTowerMinimality
D0-PHASE-TOWER-002,NO-GO,NO_GO_PROVED,D0.Combinatorics.InfinitePhaseTower
D0-ARCHIVE-TOWER-001,CORE,CORE-FORMALIZED,D0.Geometry.ArchiveRefinementTower
D0-ARCHIVE-MODE-EXPONENT-001,CORE,CORE-FORMALIZED,D0.Geometry.ArchiveModeExponent
D0-ARCHIVE-HEATTRACE-001,CORE,CERT-CLOSED,D0.Geometry.ArchiveHeatTrace
D0-ARCHIVE-LAPLACIAN-001,CORE,CORE-FORMALIZED,D0.Geometry.ArchiveLaplacianProperties
D0-ARCHIVE-RESOLVENT-001,CORE,CORE-FORMALIZED,D0.Geometry.ArchiveResolventCompactness
D0-SPECTRAL-ACTION-ADMISS-001,CORE,CERT-CLOSED,D0.Geometry.SpectralActionAdmissibility
D0-HST-ARCHIVE-001,CORE,CERT-CLOSED,D0.Probability.HSTExternalInterface
D0-ARCHIVE-ENTROPY-001,CORE,CERT-CLOSED,D0.Probability.EntropyCouplingKernel
D0-DM-CLASSICALITY-001,CORE,CERT-CLOSED,D0.Detector.WeakCouplingClassicalization
D0-ARCHIVE-GAUSSIAN-CHANNEL-001,CORE,CORE-FORMALIZED,D0.Probability.ArchiveClassicalGaussianChannel
D0-GRAV-QNM-001,NO-GO,NO_GO_PROVED,D0.Gravity.BoundaryRelaxationSpectrum
D0-GENERATION-RAYS-001,NO-GO,NO_GO_PROVED,D0.Spectrum.GenerationSpectralRays
D0-GEN-INDEX-001,CORE,CORE-FORMALIZED,D0.Spectrum.BranchDefectProjectiveGeneration
D0-GEN-MASS-001,NO-GO,NO_GO_PROVED,D0.Spectrum.BranchDefectProjectiveControls
D0-ARCHIVE-PHASE-DISTANCE,CORE,CORE-FORMALIZED,D0.Geometry.ArchivePhaseDistance
D0-ARCHIVE-LAPLACIAN-PHASE-NATURALITY,NO-GO,NO_GO_PROVED,D0.Geometry.ArchiveLaplacianPhaseNaturality
D0-ARCHIVE-PHASE-CURVATURE,CORE,CORE-FORMALIZED,D0.Geometry.ArchivePhaseCurvatureObstruction
D0-ARCHIVE-LAPLACIAN-RG,CORE,CORE-FORMALIZED,D0.Geometry.ArchiveLaplacianRG
D0-ARCHIVE-SEAM-CURVATURE-001,CORE,CORE-FORMALIZED,D0.Geometry.ArchiveCurvatureDensity
D0-ARCHIVE-ACTION-001,CORE,CORE-FORMALIZED,D0.Geometry.ArchiveActionFunctional
D0-ARCHIVE-FIELD-EQ-001,CORE,CORE-FORMALIZED,D0.Geometry.ArchiveFieldEquation
D0-ARCHIVE-BIANCHI-001,CORE,CORE-FORMALIZED,D0.Geometry.ArchiveBianchiIdentity
D0-MATTER-STRESS-COUPLING-001,CORE,CORE-FORMALIZED,D0.Matter.ArchiveStressCoupling
D0-ARCHIVE-VARIATION-DUAL-001,CORE,CORE-FORMALIZED,D0.Geometry.ArchiveVariationDual
D0-ARCHIVE-STRESS-REP-001,CORE,CORE-FORMALIZED,D0.Geometry.ArchiveStressRepresentative
D0-ARCHIVE-WEAK-FIELD-001,CORE,CORE-FORMALIZED,D0.Geometry.ArchivePoissonEquation
D0-MATTER-SOURCE-NEUTRALITY-001,CORE,CORE-FORMALIZED,D0.Matter.GeneratedMatterSource
D0-MATTER-REP-001,CORE,CORE-FORMALIZED,D0.Matter.GenerationMultiplicity
D0-MATTER-ANOMALY-001,CORE,CORE-FORMALIZED,D0.Matter.GenerationAnomalyPreservation
D0-GEOM-OBSTRUCT-001,CORE,CORE-FORMALIZED,D0.Geometry.ArchiveCurvatureObstruction
D0-ARCHIVE-STRESS-CONSERVATION-001,CORE,CORE-FORMALIZED,D0.Frozen.ConservedStressProjection
D0-ARCHIVE-SCALAR-REDUCTION-001,CORE,CORE-FORMALIZED,D0.Active.ScalarPoissonReduction
D0-MATTER-LOCALIZATION-001,CORE,CORE-FORMALIZED,D0.Active.NonzeroMatterSourceNeutrality
D0-COSMO-HOMOGENEOUS-FIXED-POINT-001,CORE,CORE-FORMALIZED,D0.Cosmology.ArchiveHomogeneousState
D0-COSMO-ZERO-MEAN-UNDERDENSE-001,CORE,CORE-FORMALIZED,D0.Cosmology.ZeroMeanModes
D0-COSMO-TRANSIENT-ACCELERATION-001,CORE,CORE-FORMALIZED,D0.Cosmology.TransientAcceleration
D0-COSMO-INSTABILITY-SATURATION-001,CORE,CORE-FORMALIZED,D0.Cosmology.InstabilitySaturation
D0-COSMO-ENTROPY-FLOW-FIXED-POINT-001,CORE,CORE-FORMALIZED,D0.Cosmology.EntropyArchiveFlow
D0-COSMO-JACOBIAN-INSTABILITY-001,CORE,CORE-FORMALIZED,D0.Cosmology.LinearizedEntropyFlow
D0-COSMO-VOLUME-FLOOR-BOUND-001,CORE,CORE-FORMALIZED,D0.Cosmology.ArchiveVolumeBounds
D0-COSMO-CONCRETE-FLOW-001,CORE,CORE-FORMALIZED,D0.Cosmology.ConcreteEntropyArchiveFlow
D0-COSMO-JACOBIAN-SIGN-001,CORE,CORE-FORMALIZED,D0.Cosmology.EntropyJacobianSign
D0-COSMO-FLOOR-PROJECTION-001,CORE,CORE-FORMALIZED,D0.Cosmology.FloorMassProjection
D0-COSMO-TICK-GAUGE-EQUIV-001,CORE,CORE-FORMALIZED,D0.Geometry.ArchiveTickGaugeFixing
D0-COSMO-WATER-FILLING-001,CORE,CORE-FORMALIZED,D0.Probability.ArchiveFloorWaterFilling
D0-COSMO-CONFORMAL-TRACE-001,CORE,CORE-FORMALIZED,D0.Geometry.ConformalLaplacianTrace
D0-GEOM-HEAT-TRACE-EH-PROXY-001,CORE,CORE-FORMALIZED,D0.Geometry.HeatTraceEHProxy
D0-COSMO-CORE-SHAPE-PASSPORT-BOUNDARY-001,CORE,CORE-FORMALIZED,D0.Cosmology.CoreShapePassportBoundary
D0-GEOM-HEAT-TRACE-A2-DECOMP-001,CORE,CORE-FORMALIZED,D0.Geometry.HeatTraceA2Decomposition
D0-GEOM-SPECTRAL-ACTION-LADDER-001,CORE,CORE-FORMALIZED,D0.Geometry.SpectralActionLadder
D0-GEOM-HIGHER-CURVATURE-FLOOR-BOUND-001,CORE,CORE-FORMALIZED,D0.Geometry.HigherCurvatureSuppression
D0-TRACEABILITY-STATUS-TAXONOMY-001,CORE,CORE-FORMALIZED,D0.Traceability.StatusTaxonomy
D0-OPERATOR-GAUGE-CURVATURE-ORIGIN-001,CORE,CORE-FORMALIZED,D0.Matter.GaugeCurvatureOrigin
D0-OPERATOR-VECTOR-LAPLACIAN-ORIGIN-001,CORE,CORE-FORMALIZED,D0.Matter.VectorOperatorOrigin
D0-OPERATOR-EDGE-STIFFNESS-ORIGIN-001,CORE,CORE-FORMALIZED,D0.Geometry.EdgeStiffnessOrigin
D0-NO-GO-BARE-ARCHIVE-NONABELIAN-001,NO-GO,NO-GO,D0.Bridge.OperatorOriginIndex
D0-NO-GO-EDGE-STIFFNESS-SCALAR-LEAKAGE-001,NO-GO,NO-GO,D0.Geometry.EdgeStiffnessOrigin
D0-NO-GO-FLAT-TENSOR-NONABELIAN-001,NO-GO,NO-GO,D0.Gauge.FlatTensorNoGo
D0-GAUGE-NONABELIAN-DISCRETE-CURVATURE-001,CORE,CORE-FORMALIZED,D0.Gauge.NonAbelianDiscreteCurvature
D0-GAUGE-BIANCHI-RESIDUAL-BOUNDARY-001,NO-GO,NO-GO,D0.Gauge.BianchiResidual
D0-GAUGE-YANG-MILLS-KILLING-POSITIVITY-001,FORMALISM/PASSPORT,BRIDGE-ASSUMPTIONS-EXPLICIT,D0.Gauge.YangMillsKillingPositivity
D0-FINAL-BRIDGE-INDEX-001,CORE,CORE-FORMALIZED,D0.Bridge.FinalBridgeIndex
D0-HURWITZ-LOCAL-BOUNDARY-001,CORE,CORE-FORMALIZED,D0.Algebra.HurwitzLocalBoundary
D0-EXTERNAL-BACKGROUND-HURWITZ-GLOBAL-CLASSIFICATION-001,INACTIVE,EXTERNAL-BACKGROUND,D0.Algebra.D0InternalDimensionSelector
D0-GAUGE-MATRIX-REP-TRANSFORM-001,CORE,CORE-FORMALIZED,D0.Gauge.MatrixRepGaugeTransform
D0-NO-GO-ABSTRACT-LIERING-FINITE-TRANSFORM-001,NO-GO,NO-GO,D0.Gauge.MatrixRepGaugeTransform
D0-GAUGE-BIANCHI-GRADED-DEPRECATED-001,INACTIVE,DEPRECATED,D0.Gauge.MatrixRepGaugeTransform
D0-BRIDGE-SI-CALIBRATION-BOUNDARY-001,FORMALISM/PASSPORT,BRIDGE-CALIBRATION,D0.Bridge.SICalibrationBoundary
D0-HURWITZ-INTERNAL-DIMENSION-SELECTOR-001,CORE,CORE-FORMALIZED,D0.Algebra.D0InternalDimensionSelector
D0-GAUGE-WILSON-LINK-COVARIANCE-001,CORE,CORE-FORMALIZED,D0.Gauge.WilsonLinkGaugeCovariance
D0-NO-GO-NAIVE-LOCAL-GAUGE-COVARIANCE-001,NO-GO,NO-GO,D0.Gauge.WilsonLinkGaugeCovariance
D0-GRADED-BIANCHI-EXACT-001,CORE,CORE-FORMALIZED,D0.Gauge.GradedBianchiIdentity
D0-NO-GO-UNGRADED-BIANCHI-RESIDUAL-001,NO-GO,NO-GO,D0.Gauge.GradedBianchiIdentity
D0-BRIDGE-SI-CALIBRATION-CLOSURE-001,FORMALISM/PASSPORT,BRIDGE-CALIBRATION,D0.Bridge.SICalibrationClosure
D0-INTERPRETATION-SPINE-001,FORMALISM/PASSPORT,CORE_BRIDGE_SPLIT,D0.Bridge.InterpretationSpine
D0-TORUS-CORE13-GEOMETRY-001,CORE,CORE-FORMALIZED,D0.Geometry.TorusCore13GeometryOrigin
D0-TORUS-GENERATION-SELECTOR-001,CORE,CORE-FORMALIZED,D0.Matter.GenerationSelectorOrigin
D0-TORUS-GENERATION-OVERLAP-001,CORE,CORE-FORMALIZED,D0.Matter.GenerationOverlapResponseOrigin
D0-BORN-QUADRATIC-ORIGIN-001,CORE,CORE-FORMALIZED,D0.Core.BornQuadraticOrigin
D0-CKM-NONTRIVIAL-FLAVOUR-ALGEBRA-001,CORE,CORE-FORMALIZED,D0.Matter.CKMNontrivialFlavourAlgebra
D0-QUASI009-CKM-PHASON-HOLONOMY-001,CORE,CERT-CLOSED,vp_ckm_phason_holonomy_k0.py
D0-MESON-POSITIVE-DEFECT-TRANSFER-001,CORE,CORE-FORMALIZED,D0.Matter.MesonDefectTransferOrigin
D0-GRAVITY-ENTROPIC-ARCHIVE-001,CORE,CORE-FORMALIZED,D0.Gravity.EntropicArchiveInterface
D0-GRAVITY-MACRO-EINSTEIN-INTERFACE-001,FORMALISM/PASSPORT,CORE_BRIDGE_SPLIT,D0.Gravity.MacroEinsteinInterface
D0-TORAL-AUTOMORPHISM-GALOIS-BALANCE-001,CORE,CORE-FORMALIZED,D0.Dynamics.ToralAutomorphism;D0.Dynamics.GaloisConjugateBalance;D0.Dynamics.DarkSectorCoarseGrain
D0-TRACE-HEAT-CAPACITY-GRAVITY-001,FORMALISM/PASSPORT,CORE_BRIDGE_SPLIT,D0.Core.FixedDetectorTimeLadder;D0.Dynamics.TraceHeatCapacityGravity
D0-MASTER-EVOLUTION-001,CORE,CORE-FORMALIZED,D0.Dynamics.MasterEvolutionTheorem
D0-INFORMATION-QUASICRYSTAL-PHASE-UNFOLDING-001,CORE,CORE-FORMALIZED,D0.Geometry.HurwitzRigidPhaseGenerator;D0.Geometry.PhaseReturnBranchCount;D0.Geometry.PhaseUnfoldingQuasicrystal
D0-CONDENSED-PHI-VACUUM-CUT-PROJECT-001,CORE,CORE-FORMALIZED,D0.Condensed.CondensedPhiVacuum;D0.Physics.QuasicrystalPhenomenology
D0-QUASICRYSTAL-PHENOMENOLOGY-OPERATOR-ORIGIN-001,CORE,CORE-FORMALIZED,D0.Physics.QuasiGenerationsInflation;D0.Physics.ArchivePhasonDarkMatter;D0.Physics.WindowOffsetChirality;D0.Physics.PhasonFlipInertia;D0.Physics.WindowFractionalCharge;D0.Physics.QuasicrystalPhenomenology
D0-QUASI008-PHASON-FLIP-ENTROPY-SDE-001,CORE,CORE-FORMALIZED,D0.Cosmology.PhasonFlipEntropy
D0-QUASI006-GALOIS-LORENTZ-SIGNATURE-001,CORE,CORE-FORMALIZED,D0.Physics.GaloisLorentzSignature
D0-QUASI002-PHASON-STRAIN-GENERATIONS-BARYON-001,CORE,CORE-FORMALIZED,D0.Matter.PhasonStrainGenerations
D0-QUASI007-MESON-PHASON-DOMAIN-WALLS-001,CORE,CERT-CLOSED,vp_phason_domain_wall_mesons.py
D0-ICECUBE-001,EMPIRICAL,EMPIRICAL-PASSPORT,D0.Matter.NeutrinoPhasonWaves;D0.Passport.IceCubePhasonDecoherence
D0-NO-GO-STRESS-SUITE-001,NO-GO,NO_GO_PROVED,D0.NoGo.StressTestSuite
D0-HULL-001,CORE,CORE-FORMALIZED,D0.Claims.KTheoryGapModule
D0-KTHEORY-001,CORE,CERT-CLOSED,vp_gap_labeling_d0_tiling_hull.py
D0-SOLENOID-001,CORE,CERT-CLOSED,vp_noncommutative_solenoid_gravity.py
D0-SOLENOID-GRAVITY-001,CORE,CERT-CLOSED,vp_noncommutative_solenoid_gravity.py
D0-MESON-K0-001,CORE,CERT-CLOSED,vp_phason_domain_wall_mesons.py
D0-CKM-K0-001,CORE,CERT-CLOSED,vp_ckm_phason_holonomy_k0.py
D0-SDE-K0-001,CORE,CERT-CLOSED,vp_phason_flip_entropy_sde.py
D0-SRC-001,CORE,CORE-FORMALIZED,D0.Matter.NuclearShellContactSRC
D0-SRC-NOGO-001,NO-GO,NO_GO_PROVED,D0.Matter.NuclearShellContactSRC
D0-CVFT-001A,CORE,CORE-FORMALIZED,D0.Dynamics.InternalFeedbackResolvent;D0.Cosmology.FeedbackPartitionFunction
D0-CVFT-001B,PROOF-TARGET,PROOF-TARGET,
D0-CVFT-NOGO-001,NO-GO,NO_GO_PROVED,D0.Dynamics.InternalFeedbackResolvent;D0.Cosmology.FiniteFeedbackEquationOfState;D0.Matter.TerminalFeedbackModes;D0.Cosmology.SDEFeedbackReduction
D0-CVFT-F1,NO-GO,NO-GO,D0.Spectral.DeltaAlphaResidueBlocked
D0-CVFT-F2,PROOF-TARGET,PROOF-TARGET,vp_horizon_emission_conjugate_feedback.py
D0-CVFT-F3,CORE,CERT-CLOSED,vp_cvft_baryon_s3_scaffold.py
D0-CVFT-F3B,CORE,CORE-FORMALIZED,D0.Matter.BaryonSpinFlavourRanks
D0-CVFT-F4,CORE,CERT-CLOSED,vp_cvft_uv_feedback_tail_bound_refined.py;vp_cvft_ueff_pole_discipline.py
D0-CVFT-F5,PROOF-TARGET,PROOF-TARGET,
D0-CVFT-F6,PROOF-TARGET,PROOF-TARGET,vp_gauge_boundary_commutator_obstruction.py
D0-CVFT-F7,CORE,CERT-CLOSED,vp_cvft_boundary_channel_rank.py;vp_cvft_refined_logdet_rank_bound.py
D0-CVFT-F8,PROOF-TARGET,PROOF-TARGET,
D0-IM-001,CORE,CORE-FORMALIZED,D0.IM.SelfSubstrateTrace
D0-IM-002,CORE,CORE-FORMALIZED,D0.IM.FractalTick
D0-IM-003,CORE,CORE-FORMALIZED,D0.IM.ContinuumFromFractalTick
D0-IM-004,CORE,CORE-FORMALIZED,D0.Topology.WitnessHalting
D0-FOUND-004,CORE,CORE-FORMALIZED,D0.Core.BornQuadraticResponse
D0-GRAV-004,CORE,CORE-FORMALIZED,D0.Gravity.MeasurementHorizonEquivalence
D0-GRAV-005,CORE,CORE-FORMALIZED,D0.Gravity.OpticalJetBackreaction
D0-IM-005,CORE,CORE-FORMALIZED,D0.IM.FractalContinuumAndWitnessHalting
D0-GRAV-006,CORE,CORE-FORMALIZED,D0.Gravity.HorizonJetAndBaryonPole
D0-EDGE-001,INACTIVE,DEPRECATED,
D0-EDGE-002,PROOF-TARGET,PROOF-TARGET,
D0-EDGE-ALPHA-001,CORE,CORE-FORMALIZED,D0.Spectral.ZetaResidueAlpha
D0-IM-COSMO-001,CORE,CORE-FORMALIZED,D0.Cosmology.ArchiveConvexity
D0-IM-COSMO-002,CORE,CORE-FORMALIZED,D0.IM.ArchivePressureCoupling
D0-IM-COSMO-003,CORE,CORE-FORMALIZED,D0.IM.StrongLogdetPressure
D0-IM-COSMO-004,CORE,CORE-FORMALIZED,D0.IM.LogdetSecondResponse
D0-PUB-001,PROOF-TARGET,PROOF-TARGET,
D0-QUANT-MET-001,CORE,CORE-FORMALIZED,D0.Metrology.QuantumLimits
D0-QUANT-MET-002,CORE,CORE-FORMALIZED,D0.Metrology.PSDPurification
D0-QUANT-MET-003,PROOF-TARGET,PROOF-TARGET,D0.Metrology.Phi2Flux
D0-QUANT-MET-004,PROOF-TARGET,PROOF-TARGET,D0.Metrology.PhasonBragg
D0-XI5-TORUS-DEFECT-001,CORE,CORE-FORMALIZED,D0.Claims.Xi5TorusDefect
D0-VIETA-GALOIS-ABCD-001,CORE,CORE-FORMALIZED,D0.Claims.VietaGaloisAbcd
D0-KERNEL-ZONE-SPLIT-001,CORE,CORE-FORMALIZED,D0.Claims.KernelZoneSplit
D0-DIM-LADDER-COMPACT-001,CORE,CORE-FORMALIZED,D0.Claims.DimLadderCompact
D0-BH-CAPACITY-A4-001,CORE,CORE-FORMALIZED,D0.Gravity.BlackHoleCapacityA4
D0-HODGE-001,CORE,CORE-FORMALIZED,D0.Topology.BoundaryBoundary;D0.Topology.FiniteCochainNoAxion
D0-MINCUT-001,CORE,CERT-CLOSED,vp_finite_mincut_holographic_entropy.py
D0-SPIN2-001,CORE,CORE-FORMALIZED,D0.Claims.Spin2TT
D0-SPECTRAL-EINSTEIN-001,PROOF-TARGET,PROOF-TARGET,
D0-NOAXION-001,CORE,CORE-FORMALIZED,D0.Topology.FiniteCochainNoAxion
D0-NONABELIAN-SEAM-001,CORE,CORE-FORMALIZED,D0.Claims.NonabelianSeamGap
D0-HODGE-LINKS-001,PROOF-TARGET,PROOF-TARGET,
D0-MASTER-BOOTSTRAP-001,CORE,CERT-CLOSED,vp_master_bootstrap_and_volume_derivative.py
D0-MESON-DEFECT-ALGEBRA-001,CORE,CERT-CLOSED,vp_meson_defect_transfer_algebra.py
D0-HIGGS-YUKAWA-001,CORE,CORE-FORMALIZED,D0.Claims.HiggsYukawaBlock
D0-CANONICAL-OP-001,CORE,CERT-CLOSED,vp_canonical_operator_search.py
D0-CKM-EXACT-001,CORE,CORE-FORMALIZED,D0.Claims.CkmExactMatrix
D0-LEPTON-002,CORE,CERT-CLOSED,vp_charged_lepton_transfer_certificate.py
D0-NEUTRON-002,CORE,CERT-CLOSED,vp_neutron_lifetime_rate_closure.py
D0-PROTON-001,CORE,CORE-FORMALIZED,D0.Matter.ProtonReadout306
D0-GRAV-002,CORE,CERT-CLOSED,vp_single_section_gravity_completion.py
D0-EW-002,CORE,CERT-CLOSED,vp_higgs_anchor_projector.py
D0-FTHEORY-001,CORE,CERT-CLOSED,vp_ftheory_lw2016_d0_filter.py
D0-FTHEORY-002,CORE,CERT-CLOSED,vp_ftheory_lw2016_chiral_recombination_layer.py
D0-BARYON-S3-SYM-001,CORE,CORE-FORMALIZED,D0.Matter.PhasonStrainGenerations
D0-BOOK04-SELECTORS-001,CORE,CORE-FORMALIZED,D0.Claims.Book04Selectors
D0-BOOK04-SELECTORS-002,CORE,CORE-FORMALIZED,D0.Matter.Book04CombinatorialSelectorOrigins
D0-HEAT-TRACE-FIT-001,CORE,CERT-CLOSED,vp_archive_heat_trace_expansion_fit.py
D0-METRO-002,CORE,CERT-CLOSED,vp_calibration_dag_and_lambda_section_rigidity_20260522.py
D0-COSMO-003,CORE,CERT-CLOSED,vp_boundary_dark_survey_driver_kernel.py
D0-COSMO-002,CORE,CERT-CLOSED,vp_final_survey_likelihood_and_baryon_form_factor_closure_20260522.py
D0-DUSTY-PLASMA-001,PROOF-TARGET,PROOF-TARGET,vp_dusty_plasma_d0_mapping.py
D0-CRITICAL-COLLAPSE-001,FORMALISM/PASSPORT,CORE_BRIDGE_SPLIT,vp_critical_collapse_dss_echo_lattice.py
D0-PASSPORT-CORE13-001,EMPIRICAL,EMPIRICAL-PASSPORT,vp_core13_shell_geometry_passport.py
D0-PASSPORT-DESI-BAO-001,PROOF-TARGET,PROOF-TARGET,vp_desi_bao_sde_failure_diagnostics.py
D0-PASSPORT-ICECUBE-HESE-001,PROOF-TARGET,PROOF-TARGET,vp_icecube_hese_baseline_comparison.py
D0-PASSPORT-LIGO-CATALOG-001,PROOF-TARGET,PROOF-TARGET,vp_ligo_merger_mass_defect_current_catalog.py
D0-PASSPORT-PDG-STRICT-001,EMPIRICAL,EMPIRICAL-PASSPORT,vp_pdg_strict_passport.py
D0-PASSPORT-SPARC-001,PROOF-TARGET,PROOF-TARGET,vp_sparc_hull_boundary_response_kernel.py
D0-NOGO-LIGO-DISCOVERY-001,NO-GO,NO-GO,vp_ligo_discovery_negative_control.py
D0-Q8-DEDEKIND-MINIMALITY-001,CORE,CORE-FORMALIZED,D0.Claims.Q8DedekindMinimality
D0-WINDOW44-GROUP-SPECTRUM-001,CORE,CORE-FORMALIZED,D0.Claims.Window44GroupSpectrum
D0-TIME-2D-PISOT-001,CORE,CORE-FORMALIZED,D0.Claims.Time2DPisot
D0-MIXING-HIERARCHY-INVERSION-001,CORE,CORE-FORMALIZED,D0.Claims.MixingHierarchyInversion
D0-SIGNATURE-31-SPLIT-001,CORE,CORE-FORMALIZED,D0.Claims.Signature31Split
D0-ALPHA-ZETA-RESIDUE-001,CORE,CORE-FORMALIZED,D0.Spectral.ZetaResidueAlpha
D0-Z2-SPINOR-COVER-001,CORE,CORE-FORMALIZED,D0.Synthesis.Z2SpinorCover
D0-TIME-MODULAR-FLOW-001,CORE,CERT-CLOSED,vp_quasicrystal_time_sturmian.py
D0-CARRIER-FULL-FORCING-001,CORE,CORE-FORMALIZED,D0.Synthesis.CarrierForcing
D0-SYMPLECTIC-GLEASON-001,CORE,CORE-FORMALIZED,D0.Synthesis.CarrierForcing
D0-CLASS5-ALIASING-001,CORE,CORE-FORMALIZED,D0.Claims.Class5Aliasing
D0-VACUUM-CUBIC-WINDOW-001,CORE,CERT-CLOSED,vp_vacuum_cubic_window.py
D0-GRAVASTAR-FORMATION-BRIDGE-001,CORE,CERT-CLOSED,vp_gravastar_os_arrest.py
D0-COMPACTNESS-LIMIT-001,CORE,CERT-CLOSED,vp_gravastar_compactness.py
D0-GRAVASTAR-GW-FALSIFIER-001,EMPIRICAL,EMPIRICAL-PASSPORT,vp_gravastar_gw_falsifier.py
D0-PHASON-FORCING-001,CORE,CERT-CLOSED,vp_phason_forcing.py
D0-PMNS-DELTA0-NUFIT-001,EMPIRICAL,EMPIRICAL-PASSPORT,vp_pmns_delta0_nufit.py;vp_pmns_baseline_correction.py
D0-H0-EVOLVING-W-001,PROOF-TARGET,PROOF-TARGET,vp_h0_evolving_w.py
D0-PHASON-THAWING-001,CORE,CORE-FORMALIZED,D0.Cosmology.ArchiveConvexity
D0-E8-COLDEA-ANCHOR-001,CORE,CERT-CLOSED,vp_e8_coldea_anchor.py
D0-RANK3-CAUSAL-CONE-001,CORE,CORE-FORMALIZED,D0.Synthesis.RankCausalCone
D0-DELTA-ALPHA-EXACT-001,CORE,CORE-FORMALIZED,D0.Spectral.DeltaAlphaExact
D0-DELTA-ALPHA-MOMENT-001,CORE,CORE-FORMALIZED,D0.Spectral.DeltaAlphaMoment
D0-MASS-CHAIN-001,CORE,CERT-CLOSED,vp_mass_chain_alpha.py
D0-KTHEORY-GAP-MODULE-001,CORE,CORE-FORMALIZED,D0.Claims.KTheoryGapModule
D0-EW-WINDOW-FORCING-001,CORE,CERT-CLOSED,vp_ew_window_forcing.py
D0-HIGGS-CUBE-DIAGONAL-001,FORMALISM/PASSPORT,BRIDGE-CALIBRATION,vp_higgs_cube_forcing.py
D0-COMPACTNESS-DEF-FORCING-001,CORE,CORE-FORMALIZED,D0.Gravity.CompactnessLimit
D0-PHI99-DEPTH-FORCING-001,CORE,CERT-CLOSED,vp_phi99_depth_forcing.py
D0-ICOSIAN-E8-GRAM-001,CORE,CORE-FORMALIZED,D0.Claims.IcosianE8GramFinite
D0-JONES-INDEX-PHI-001,CORE,CORE-FORMALIZED,D0.Claims.JonesIndexPhi
D0-CONNES-RECONSTRUCTION-OWNER-001,FORMALISM/PASSPORT,BRIDGE-ASSUMPTIONS-EXPLICIT,D0.Bridge.ConnesReconstructionBridge
D0-DIXMIER-RESIDUE-OWNER-001,FORMALISM/PASSPORT,BRIDGE-ASSUMPTIONS-EXPLICIT,D0.Bridge.DixmierTraceBridge
D0-RIEFFEL-GHP-CONTINUUM-OWNER-001,FORMALISM/PASSPORT,BRIDGE-ASSUMPTIONS-EXPLICIT,D0.Bridge.RieffelGHPBridge
D0-TIME-MODULAR-FLOW-OWNER-001,FORMALISM/PASSPORT,BRIDGE-ASSUMPTIONS-EXPLICIT,D0.Bridge.TomitaTakesakiBridge
D0-DIM8-NETWORK-001,CORE,CORE-FORMALIZED,D0.Synthesis.DimensionEightNetwork
D0-FIBONACCI-IF-FORCING-001,CORE,CERT-CLOSED,D0.Claims.FibonacciIfBridge
D0-ADLER-WEISS-PARTITION-OWNER-001,FORMALISM/PASSPORT,BRIDGE-ASSUMPTIONS-EXPLICIT,D0.Bridge.AdlerWeissBridge
D0-PACKING-LIMIT-001,CORE,CERT-CLOSED,vp_packing_limit_probe.py
D0-COMPLEX-QM-FORCING-001,FORMALISM/PASSPORT,BRIDGE-ASSUMPTIONS-EXPLICIT,D0.Bridge.ComplexQMBridge
D0-M1-INFO-RECONSTRUCTION-001,FORMALISM/PASSPORT,BRIDGE-ASSUMPTIONS-EXPLICIT,D0.Bridge.M1InfoReconstructionBridge
D0-MODULAR-TIME-FLAVOR-001,CORE,CERT-CLOSED,vp_modular_time_flavor.py
D0-DSI-EXPERIMENTAL-001,CORE,CERT-CLOSED,vp_dsi_experimental.py
D0-ENTROPIC-DARK-GRAVITY-001,FORMALISM/PASSPORT,BRIDGE-ASSUMPTIONS-EXPLICIT,D0.Bridge.VerlindeEntropicBridge
D0-GENERATIVE-DYNAMICS-001,CORE,CERT-CLOSED,D0.Claims.GluingAnomalyTime
D0-LAPLACIAN-SPECTRUM-FIX-001,CORE,CORE-FORMALIZED,D0.Spectral.ZoneMatrixSpectrum
D0-IF-KS-FORMULA-FIX-001,CORE,CORE-FORMALIZED,D0.Claims.FibonacciIfBridge;D0.Claims.FibonacciFusionRing
D0-FOURCOLOR-HORIZON-CAPACITY-001,CORE,CERT-CLOSED,vp_fourcolor_horizon_capacity.py
D0-CKM-PMNS-COMPLEMENTARITY-001,CORE,CERT-CLOSED,vp_ckm_pmns_orthogonality.py
D0-WINDOW44-TOTIENT-M1-001,CORE,CERT-CLOSED,vp_window44_totient_m1.py
D0-TOWER-STOP-NOEXT-001,CORE,CORE-FORMALIZED,D0.Tower.NoExtension
D0-QUASICRYSTAL-CARRIER-FORCING-001,CORE,CERT-CLOSED,vp_quasicrystal_carrier_forcing.py
D0-QUASICRYSTAL-PROJECTION-001,CORE,CERT-CLOSED,vp_icosahedral_cutproject.py;vp_e8_quasicrystal_slice.py;vp_carrier_not_icosahedral.py
D0-RANK3-CAUSAL-CONE-FORCING-001,FORMALISM/PASSPORT,CORE_BRIDGE_SPLIT,D0.Synthesis.RankCausalConeForcing
D0-RANK3-METRIC-TRANSPORT-001,CORE,CERT-CLOSED,vp_rank3_metric_transport.py
D0-CONNES-DISTANCE-GEODESIC-001,CORE,CERT-CLOSED,vp_connes_distance_geodesic.py
D0-CARRIER-NOT-ICOSAHEDRAL-001,CORE,CORE-FORMALIZED,D0.Claims.CarrierNotIcosahedral
D0-DETECTION-QUADRATIC-001,CORE,CORE-FORMALIZED,D0.Tower.DetectionQuadratic
D0-UNITY-SPLIT-SPACETIME-001,CORE,CERT-CLOSED,D0.Synthesis.UnitySplitSpacetime
D0-FROBENIUS-DIVISION-3D-001,FORMALISM/PASSPORT,BRIDGE-ASSUMPTIONS-EXPLICIT,D0.Foundation.FrobeniusDivision3D
D0-LATTICE-FINITENESS-BRIDGE-001,FORMALISM/PASSPORT,BRIDGE-ASSUMPTIONS-EXPLICIT,vp_lattice_finiteness_bridge.py
D0-GALOIS-PHI-IRRATIONAL-001,CORE,CORE-FORMALIZED,D0.Algebra.GaloisPhiNontrivial
D0-SCENE-ACTIVE-EIGENVALUES-001,CORE,CORE-FORMALIZED,D0.Geometry.SceneActiveEigenvalues
D0-PISOT-CONTRACTION-TIME-ARROW-001,CORE,CORE-FORMALIZED,D0.Dynamics.PisotContraction
D0-ARCHIVE-LIGHTPROFINITE-001,CORE,CORE-FORMALIZED,D0.Geometry.ArchiveLightProfinite
D0-FORGETTING-CHANNEL-PTP-001,CORE,CORE-FORMALIZED,D0.Probability.ForgettingChannelPTP
D0-DELONE-PHI-001,CORE,CORE-FORMALIZED,D0.Topology.DeloneInstance
D0-FIBONACCI-FUSION-RING-001,CORE,CORE-FORMALIZED,D0.Claims.FibonacciFusionRing
D0-FORGETTING-CHANNEL-CP-001,CORE,CORE-FORMALIZED,D0.Probability.ForgettingChannelCP
D0-BRAID-VALENCE-U1-001,CORE,CORE-FORMALIZED,D0.Gauge.BraidValence
D0-M1-PREDICATE-001,CORE,CORE-FORMALIZED,D0.Foundation.M1Predicate
D0-HYDRO-NO-BLOWUP-KAPPA-001,CORE,CORE-FORMALIZED,D0.Dynamics.LatticeHydroNoBlowup
D0-CONTINUUM-INVLIM-001,CORE,CORE-FORMALIZED,D0.Foundation.ContinuumAsInverseLimit
D0-BSD-RANK-PASSPORT-001,CORE,CORE-FORMALIZED,D0.Synthesis.BSDRankNullityPassport
D0-MASSGAP-COSTQUANTUM-001,CORE,CORE-FORMALIZED,D0.Gauge.MassGapCostQuantum
D0-HODGE-M1-REDUCTIO-001,FORMALISM/PASSPORT,BRIDGE-ASSUMPTIONS-EXPLICIT,D0.Topology.HodgeAlgebraicRealization
D0-RIEMANN-AXIS-M1-001,FORMALISM/PASSPORT,BRIDGE-ASSUMPTIONS-EXPLICIT,D0.Spectral.CriticalAxisM1
D0-PVSNP-LYAPUNOV-M1-001,FORMALISM/PASSPORT,BRIDGE-ASSUMPTIONS-EXPLICIT,D0.Complexity.HeatTraceLyapunov
D0-SEAM-HOLONOMY-001,CORE,CORE-FORMALIZED,D0.Spectral.SeamHolonomy
D0-ALPHA-HOLONOMY-002,CORE,CERT-CLOSED,vp_seam_holonomy_alpha.py
D0-PI0-DISCRETE-ANGLE-001,CORE,CORE-FORMALIZED,D0.Geometry.Pi0DiscreteAngle
D0-Q8-SIN-CHANNEL-001,CORE,CORE-FORMALIZED,D0.Spectral.SeamHolonomy
D0-PMNS-SEAM-TOPOLOGY-001,CORE,CORE-FORMALIZED,D0.Matter.PMNSSeamTopology
D0-PMNS-DELTACP-PI0-001,PROOF-TARGET,PROOF-TARGET,
D0-XI5-CROSS-SECTOR-001,CORE,CORE-FORMALIZED,D0.Claims.Xi5TorusDefect
D0-ALPHA-MEASUREMENT-LIMIT-001,EMPIRICAL,EMPIRICAL-PASSPORT,vp_alpha_measurement_limit.py
D0-BRIDGE-COMPRESSION-001,CORE,CERT-CLOSED,vp_bridge_compression.py
D0-PHI-CYLINDER-TRACE-UNIQUE-001,CORE,CERT-CLOSED,vp_phi_cylinder_trace_unique.py
D0-PHI-CSTAR-PASSPORT-001,FORMALISM/PASSPORT,PASSPORT-CLOSED,vp_phi_cstar_passport.py
D0-ALPHA-MU2-FULL-LEDGER-001,CORE,CERT-CLOSED,vp_alpha_mu2_full_ledger.py
D0-NEUTRINO-MASS-PASSPORT-001,FORMALISM/PASSPORT,PASSPORT-CLOSED,vp_neutrino_mass_passport.py
D0-SMOOTH-MANIFOLD-PASSPORT-001,FORMALISM/PASSPORT,PASSPORT-CLOSED,vp_smooth_manifold_passport.py
D0-PHI-LADDER-SEMIGROUP-001,CORE,CERT-CLOSED,vp_phi_ladder_semigroup.py
D0-ALPHA-MU1-RANKTRACE-001,CORE,CERT-CLOSED,vp_alpha_mu1_rank_trace.py
D0-ALPHA-ALG-CLOSED-001,CORE,CERT-CLOSED,vp_alpha_alg_closed.py
D0-DELTA-ALPHA-SEAM-CLOSED-001,CORE,CERT-CLOSED,vp_delta_alpha_seam_closed.py
D0-GAUGE-MASS-GAP-PLAQUETTE-001,CORE,CERT-CLOSED,vp_gauge_mass_gap_plaquette.py
D0-PHI-STURMIAN-CYLINDER-CONJUGACY-001,CORE,CERT-CLOSED,vp_phi_sturmian_cylinder_conjugacy.py
D0-BARYON-ASYMMETRY-DELTA0-001,CORE,CERT-CLOSED,D0.Matter.TickS3BaryonAsymmetry
D0-LEPTON-RAW-GRAPH-COEFFICIENT-OWNER-001,NO-GO,NO-GO,vp_lepton_raw_graph_owner_manifest.py
D0-BARE-GRAPH-DECIMAL-NOGO-001,NO-GO,NO-GO,vp_bare_graph_decimal_nogo.py
D0-PHI-STURMIAN-PROFINITE-CODE-CONJUGACY-001,CORE,CERT-CLOSED,vp_phi_sturmian_profinite_code_conjugacy.py
D0-LEPTON-INDIRECT-COEFFICIENT-OWNER-001,PROOF-TARGET,PROOF-TARGET,vp_lepton_indirect_coefficient_owner.py
D0-PHASON-WZ-KERNEL-ONLY-NOGO-001,NO-GO,NO-GO,D0.Cosmology.PhasonWZTransfer
D0-PHASON-PRESSURE-EOS-SCAFFOLD-001,CORE,CERT-CLOSED,D0.Cosmology.PhasonWZTransfer
D0-PHASON-WZ-TRANSFER-OWNER-001,NO-GO,NO-GO,vp_phason_wz_transfer_owner.py
D0-PHASON-WZ-FINITE-SEQUENCE-SCAFFOLD-001,CORE,CERT-CLOSED,vp_phason_wz_explicit_function.py
D0-PHASON-WZ-EXPLICIT-FUNCTION-001,PROOF-TARGET,PROOF-TARGET,vp_phason_wz_explicit_function.py
D0-LEPTON-INDIRECT-GREEN-PUISEUX-SCOUT-001,CORE,CERT-CLOSED,vp_lepton_green_puiseux_scout.py
D0-ALPHA-FESHBACH-RESIDUE-FINITE-SUM-001,CORE,CERT-CLOSED,D0.Spectral.AlphaFeshbachDixmierOwner
D0-ALPHA-FESHBACH-DIXMIER-OWNER-001,PROOF-TARGET,PROOF-TARGET,vp_alpha_feshbach_dixmier_owner.py
D0-NEUTRINO-DELTA-ALPHA-NORM-SQUARE-001,CORE,CERT-CLOSED,D0.Spectral.AlphaFeshbachDixmierOwner
D0-LEPTON-GREEN-PUISEUX-OPERATOR-001,CORE,CERT-CLOSED,D0.Matter.LeptonGreenPuiseuxOwner
D0-LEPTON-STURMIAN-PUISEUX-COEFFICIENTS-001,CORE,CERT-CLOSED,vp_lepton_sturmian_puiseux_coefficients.py
D0-LEPTON-PUISEUX-DECIMAL-SECTION-001,PROOF-TARGET,PROOF-TARGET,vp_lepton_puiseux_decimal_section.py
D0-LUCAS-VORONOI-MARKOV-PARTITION-001,CORE,CERT-CLOSED,D0.Geometry.LucasVoronoiMarkovPartition
D0-TORAL-TIME-MARKOV-CONJUGACY-001,PROOF-TARGET,PROOF-TARGET,D0.Geometry.LucasVoronoiMarkovPartition
D0-ADLER-WEISS-INTERNAL-CONSTRUCTION-001,PROOF-TARGET,PROOF-TARGET,vp_adler_weiss_internal_construction.py
D0-PHASON-WDE-SIGN-NORMALIZATION-OWNER-001,CORE,CERT-CLOSED,D0.Cosmology.PhasonWDESignNormalization
D0-PHASON-WZ-LOGDET-WINDOW-OWNER-001,PROOF-TARGET,PROOF-TARGET,vp_phason_wz_logdet_window_owner.py
D0-PHASON-WZ-CPL-PASSPORT-001,FORMALISM/PASSPORT,PASSPORT-CLOSED,vp_phason_wz_cpl_passport.py
D0-CONNES-GRAPH-DISTANCE-OWNER-001,CORE,CERT-CLOSED,vp_connes_graph_distance_owner.py
D0-GHP-GOLDEN-CAUCHY-BOUND-001,CORE,CERT-CLOSED,D0.Geometry.GHPGoldenCauchyBound
D0-SMOOTH-MANIFOLD-INTERNAL-LIMIT-001,FORMALISM/PASSPORT,PASSPORT-CLOSED,vp_smooth_manifold_internal_limit.py
D0-SM-ANOMALY-CANCELLATION-OWNER-001,CORE,CERT-CLOSED,D0.Matter.HyperchargeGraphFlowOwner
D0-HYPERCHARGE-GRAPH-FLOW-OWNER-001,PROOF-TARGET,PROOF-TARGET,vp_hypercharge_graph_flow_owner.py
D0-SM-HYPERCHARGE-MINIMAL-DENOMINATOR-001,CORE,CERT-CLOSED,D0.Matter.HyperchargeMinimalDenominator
D0-PAGE-CURVE-FINITE-RANK-OWNER-001,CORE,CERT-CLOSED,D0.Gravity.PageCurveFiniteRankOwner
D0-BLACK-HOLE-INFORMATION-UNITARITY-OWNER-001,CORE,CERT-CLOSED,D0.Gravity.PageCurveFiniteRankOwner
D0-HORIZON-FESHBACH-RADIATION-OWNER-001,CORE,CERT-CLOSED,vp_horizon_feshbach_radiation_owner.py
D0-YUKAWA-SHELL-OVERLAP-MATRIX-001,CORE,CERT-CLOSED,D0.Matter.YukawaShellOverlapMatrix
D0-HIGGS-PHASON-CONDENSATION-OWNER-001,PROOF-TARGET,PROOF-TARGET,vp_higgs_phason_condensation_owner.py
D0-LEPTON-YUKAWA-HIERARCHY-OWNER-001,PROOF-TARGET,PROOF-TARGET,vp_lepton_yukawa_hierarchy_owner.py
D0-COSMOLOGY-CONNECTIVITY-THRESHOLD-OWNER-001,CORE,CERT-CLOSED,D0.Cosmology.ReheatingPercolationOwner
D0-REHEATING-PERCOLATION-OWNER-001,CORE,CERT-CLOSED,D0.Cosmology.ReheatingPercolationOwner
D0-CMB-PHASON-SPECTRUM-OWNER-001,PROOF-TARGET,PROOF-TARGET,vp_cmb_phason_spectrum_owner.py
D0-INFLATIONLESS-EARLY-UNIVERSE-OWNER-001,PROOF-TARGET,PROOF-TARGET,vp_inflationless_early_universe_owner.py
D0-HBAR-SYMPLECTIC-CAPACITY-MECH-LIMIT-001,PROOF-TARGET,PROOF-TARGET,vp_hbar_symplectic_capacity_status.py
D0-REHEATING-HEAT-TRACE-JUMP-001,CORE,CERT-CLOSED,D0.Cosmology.ReheatingHeatTraceJump
D0-PAGE-TURNING-POINT-RANK-THEOREM-001,CORE,CERT-CLOSED,D0.Gravity.PageTurningPointRank
D0-CONNECTIVITY-SPECTRAL-GAP-SPEED-001,CORE,CERT-CLOSED,D0.Cosmology.CLightconePercolationOwner
D0-C-LIGHTCONE-PERCOLATION-OWNER-001,CORE,CERT-CLOSED,D0.Cosmology.CLightconePercolationOwner
D0-FIBONACCI-ANYON-UNIQUENESS-001,CORE,CERT-CLOSED,D0.Geometry.FibonacciAnyonUniqueness
D0-ISING-ANYON-EXCLUSION-001,NO-GO,NO-GO,D0.Geometry.FibonacciAnyonUniqueness
D0-HYPERCHARGE-FLOW-LATTICE-001,CORE,CERT-CLOSED,D0.Matter.HyperchargeFlowLattice
D0-LEPTON-PUISEUX-UNIQUENESS-OBSTRUCTION-001,NO-GO,NO-GO,D0.Matter.LeptonPuiseuxUniquenessObstruction
D0-CKM-CLASS5-PARITY-EXCLUSION-001,NO-GO,NO-GO,D0.Matter.CKMClass5ParityExclusion
D0-ALPHA-RESIDUE-DELTA-NORMALIZATION-NOGO-001,NO-GO,NO-GO,D0.Spectral.DeltaAlphaNormalizationNoGo
D0-ASSUMPTION-LEDGER-GREEN-001,CORE,CERT-CLOSED,D0.Bridge.Assumptions.LindemannLnPhi
D0-DIXMIER-FESHBACH-FINITE-HEATTRACE-001,NO-GO,NO-GO,D0.Spectral.DixmierFeshbachFiniteHeatTrace
D0-LEPTON-RIEMANN-HURWITZ-BRANCH-INDEX-001,CORE,CERT-CLOSED,D0.Matter.LeptonRiemannHurwitzBranchIndex
D0-PHASON-ARCHIVE-CAPACITY-REDSHIFT-001,CORE,CERT-CLOSED,D0.Cosmology.PhasonArchiveCapacityRedshift
D0-PHASON-WDE-Z-MAP-OWNER-001,NO-GO,NO-GO,
D0-WILLIAMS-SHIFT-EQUIVALENCE-OWNER-001,CORE,CERT-CLOSED,D0.Dynamics.ToralShiftEquivalence
D0-HYPERCHARGE-ANOMALY-VARIETY-2DIM-001,NO-GO,NO-GO,D0.Matter.HyperchargeAnomalyVariety
D0-CMB-NS-LAPLACIAN-IDS-OWNER-001,CORE,CERT-CLOSED,D0.Cosmology.CMBLaplacianIDS
D0-CMB-IDS-SMOOTHING-OWNER-001,PROOF-TARGET,PROOF-TARGET,vp_cmb_ns_laplacian_ids.py
D0-CKM-CLASS5-SELECTOR-OWNER-001,CORE,CERT-CLOSED,D0.Matter.CKMClass5SelectorOwner
D0-HIGGS-LOGDET-STATIONARY-POTENTIAL-001,CORE,CERT-CLOSED,D0.Matter.HiggsLogdetStationary
D0-JY-NONCOMMUTATIVE-ORDER-OBSTRUCTION-001,CORE,CERT-CLOSED,D0.Evolution.JYNoncommutativeOrderObstruction
D0-TIME-ARROW-ORDERED-SELF-READOUT-001,CORE,CERT-CLOSED,D0.Evolution.JYNoncommutativeOrderObstruction
D0-FESHBACH-SCHUR-TIME-DELAY-OWNER-001,CORE,CERT-CLOSED,D0.Evolution.FeshbachSchurTimeDelayOwner
D0-ARCHIVE-NEUMANN-TICK-OWNER-001,CORE,CERT-CLOSED,D0.Evolution.FeshbachSchurTimeDelayOwner
D0-PHI-FRACTAL-TICK-DYNAMICS-OWNER-001,CORE,CERT-CLOSED,D0.Evolution.PhiFractalTickDynamics
D0-CONTINUOUS-TIME-SEMIGROUP-ENVELOPE-001,CORE,CERT-CLOSED,D0.Evolution.PhiFractalTickDynamics
D0-STATIC-TO-DYNAMICS-OWNER-001,CORE,CERT-CLOSED,D0.Evolution.StaticToDynamicsOwner
D0-DYNAMICS-NOT-PRIMITIVE-CERT-CLOSED-001,CORE,CERT-CLOSED,D0.Evolution.StaticToDynamicsOwner
D0-CONSTRAINED-HAMILTONIAN-EMBEDDING-PASSPORT-001,FORMALISM/PASSPORT,PASSPORT-CLOSED,D0.Bridge.ConstrainedHamiltonianEmbeddingPassport
D0-NONRECIPROCAL-ACTIVE-DYNAMICS-FORMALISM-BRIDGE-001,FORMALISM/PASSPORT,PASSPORT-CLOSED,D0.Bridge.ConstrainedHamiltonianEmbeddingPassport
D0-FESHBACH-CONSTRAINT-SUBMANIFOLD-BRIDGE-001,FORMALISM/PASSPORT,PASSPORT-CLOSED,D0.Bridge.ConstrainedHamiltonianEmbeddingPassport
D0-FLOQUET-NONRECIPROCAL-DYNAMICS-BRIDGE-001,FORMALISM/PASSPORT,PASSPORT-CLOSED,D0.Bridge.ConstrainedHamiltonianEmbeddingPassport
D0-CONTINUATION-FINAL-BLOCKER-GRAPH-001,CORE,CERT-CLOSED,vp_final_continuation_dependency_graph.py
D0-CONTINUATION-NO-STATUS-ONLY-DIFF-001,CORE,CERT-CLOSED,vp_continuation_no_status_only_diff.py
D0-STATIC-DYNAMICS-HAMILTONIAN-BRIDGE-INTEGRATION-001,CORE,CERT-CLOSED,vp_static_dynamics_hamiltonian_bridge_integration.py
D0-REHEATING-HEATTRACE-ENERGY-FUNCTIONAL-001,CORE,CERT-CLOSED,D0.Cosmology.HeatTraceEnergyFunctional
D0-REHEATING-ENERGY-BUDGET-OWNER-001,CORE,CERT-CLOSED,D0.Cosmology.ReheatingEnergyBudgetOwner
D0-INFLATIONLESS-THRESHOLD-ENERGY-OWNER-001,CORE,CERT-CLOSED,D0.Cosmology.InflationlessThresholdEnergyOwner
D0-REHEATING-NO-INFLATON-NOGO-001,NO-GO,NO-GO,D0.Cosmology.InflationlessThresholdEnergyOwner
D0-VERIFIED-CLOSURE-PROTOCOL-001,CORE,CERT-CLOSED,vp_verified_closure_protocol.py
D0-REHEATING-PHASON-INITIAL-DATA-OWNER-001,CORE,CERT-CLOSED,D0.Cosmology.PhasonInitialCovariance
D0-PHASON-INITIAL-COVARIANCE-OWNER-001,CORE,CERT-CLOSED,D0.Cosmology.PhasonInitialCovariance
D0-CMB-FIEDLER-FREEZEOUT-OWNER-001,CORE,CERT-CLOSED,D0.Cosmology.CMBFiedlerFreezeout
D0-DARK-RATIO-TRANSFER-OWNER-001,CORE,CERT-CLOSED,D0.Cosmology.DarkArchiveTransfer
D0-ARCHIVE-PHASON-METRIC-TRANSFER-OWNER-001,CORE,CERT-CLOSED,D0.Cosmology.DarkArchiveTransfer
D0-COSMOLOGY-INTERNAL-TRANSFER-COMPOSITION-001,CORE,CERT-CLOSED,D0.Cosmology.DarkArchiveTransfer
D0-CMB-NS-SMOOTHING-UNDETERMINED-NOGO-001,NO-GO,NO-GO,D0.Cosmology.CMBNsSmoothingUndeterminedNoGo
D0-SM-HYPERCHARGE-ROW-OWNER-001,CORE,CERT-CLOSED,D0.Matter.SMHyperchargeRowOwner
D0-DSIGMA-CANONICAL-ROLE-ADDRESS-OWNER-001,CORE,CERT-CLOSED,D0.Matter.DSigmaRoleTransitionGraph
D0-DSIGMA-ROLE-CYCLE-CARRIER-CANONICAL-NOGO-001,NO-GO,NO-GO,D0.Matter.DSigmaRoleCycleCarrierNoGo
D0-HIGGS-RETURN-QUOTIENT-ACTION-OWNER-001,CORE,CERT-CLOSED,D0.Matter.HiggsReturnQuotientAction
D0-HIGGS-PHASON-ORBIT-TRIVIAL-NOGO-001,NO-GO,NO-GO,D0.Matter.HiggsPhasonOrbitNoGo
D0-TORAL-INTEGRAL-CONJUGACY-OWNER-001,CORE,CERT-CLOSED,D0.Geometry.ToralIntegralConjugacy
D0-TORAL-LUCAS-PERIODIC-SEED-OWNER-001,CORE,CERT-CLOSED,D0.Geometry.ToralLucasPeriodicSeed
D0-TORAL-CANONICAL-MARKOV-PARTITION-NOGO-001,NO-GO,NO-GO,D0.Geometry.ToralCanonicalMarkovNoGo
D0-ALPHA-PROFINITE-SPECTRAL-TOWER-OWNER-001,CORE,CERT-CLOSED,D0.Spectral.AlphaProfiniteSpectralTower
D0-ALPHA-PROFINITE-TOWER-NOGO-001,NO-GO,NO-GO,D0.Spectral.AlphaProfiniteTowerNoGo
D0-ALPHA-PRESENT-CORE-MAXIMALITY-NOGO-001,NO-GO,NO-GO,D0.Spectral.AlphaPresentCoreMaximalityNoGo
D0-CMB-CANONICAL-SMOOTHING-MAXIMALITY-NOGO-001,NO-GO,NO-GO,D0.Cosmology.CMBCanonicalSmoothingMaximalityNoGo
D0-PHASON-MAGNITUDE-MAXIMALITY-NOGO-001,NO-GO,NO-GO,D0.Cosmology.PhasonMagnitudeMaximalityNoGo
D0-CKM-OVERLAP-UNDERDETERMINATION-NOGO-001,NO-GO,NO-GO,D0.Matter.CKMOverlapUnderdeterminationNoGo
D0-HIGGS-CONDENSATION-PRESENT-CORE-MAXIMALITY-NOGO-001,NO-GO,NO-GO,D0.Matter.HiggsCondensationPresentCoreMaximalityNoGo
D0-TORAL-SEED-MARKOV-MAXIMALITY-NOGO-001,NO-GO,NO-GO,D0.Geometry.ToralSeedMarkovMaximalityNoGo
D0-LEPTON-FINITE-GREEN-RESOLVENT-OWNER-001,CORE,CERT-CLOSED,D0.Matter.LeptonFiniteGreenResolventOwner
D0-FINAL-CORE-COMPLETION-001,CORE,CORE-FORMALIZED,D0.Verification.PresentCoreMaximality
D0-BRATTELI-FIBONACCI-REFINEMENT-OWNER-001,CORE,CERT-CLOSED,D0.Geometry.FibonacciBratteliRefinement
D0-CANONICAL-RENORMALIZATION-SPECTRAL-TOWER-001,CORE,CERT-CLOSED,D0.Geometry.FibonacciBratteliRefinement
D0-PERRON-SCALE-FLOW-OWNER-001,CORE,CERT-CLOSED,D0.Spectral.CanonicalRefinementScaleFlow
D0-INDUCTIVE-SPECTRAL-TRIPLE-OWNER-001,PROOF-TARGET,PROOF-TARGET,vp_inductive_spectral_triple_tower.py
D0-FINAL-RESEARCH-TO-CLOSURE-MAP-001,CORE,CORE-FORMALIZED,D0.Verification.FinalResearchClosureBoundary
D0-EXTERNAL-DIXMIER-WODZICKI-PASSPORT-001,FORMALISM/PASSPORT,PASSPORT-CLOSED,D0.Bridge.DixmierTraceBridge
D0-ADLER-WEISS-WILLIAMS-PASSPORT-001,FORMALISM/PASSPORT,PASSPORT-CLOSED,D0.Bridge.AdlerWeissBridge
D0-SMOOTH-QUANTUM-METRIC-PASSPORT-001,FORMALISM/PASSPORT,PASSPORT-CLOSED,vp_inductive_spectral_triple_tower.py
D0-FINITE-SPECTRAL-TRIPLE-REPRESENTATION-PASSPORT-001,FORMALISM/PASSPORT,PASSPORT-CLOSED,vp_final_external_passports.py
D0-HYPERCHARGE-FLOW-ORIGIN-PASSPORT-001,FORMALISM/PASSPORT,PASSPORT-CLOSED,vp_final_external_passports.py
D0-VNEXT-AF-GNS-ISOMETRY-OWNER-001,CORE,CERT-CLOSED,D0.VNext.PerronGNSTower
D0-VNEXT-MARTINGALE-DIRAC-OWNER-001,NO-GO,NO-GO,D0.VNext.AFMartingaleDiracScaleNoGo
D0-VNEXT-DIRAC-LAPLACIAN-COMPATIBILITY-OWNER-001,NO-GO,NO-GO,D0.VNext.AFD0LaplacianComparisonNoGo
D0-VNEXT-FESHBACH-TOWER-COMPATIBILITY-OWNER-001,PROOF-TARGET,PROOF-TARGET,vp_vnext_af_feshbach_compatibility.py
D0-VNEXT-QUANTUM-METRIC-EXTENSION-PASSPORT-001,FORMALISM/PASSPORT,PASSPORT-CLOSED,vp_vnext_quantum_metric_extension_passport.py
D0-VNEXT-ISOMETRIC-DIRAC-TOWER-OWNER-001,PROOF-TARGET,PROOF-TARGET,D0.VNext.PerronGNSTower
D0-VNEXT-ISOMETRIC-DIRAC-TOWER-NOGO-001,NO-GO,NO-GO,D0.VNext.AFD0LaplacianComparisonNoGo
D0-VNEXT-33-SCENE-ANCHOR-OWNER-001,NO-GO,NO-GO,D0.VNext.AFSceneAnchorDimensionAudit
D0-VNEXT-AF-ONE-DIMENSIONAL-REDUCTION-CLASSIFICATION-001,NO-GO,NO-GO,D0.VNext.AFOneDimensionalReductionClassification
D0-VNEXT-CANONICAL-XI-ANCHOR-OWNER-001,NO-GO,NO-GO,D0.VNext.AFOneDimensionalReductionClassification
D0-VNEXT-JOINT-DIRAC-SCALE-SELECTION-OWNER-001,NO-GO,NO-GO,D0.VNext.AFD0SpectralInvariantComparison
D0-VNEXT-AF-D0-SPECTRAL-COMPRESSION-OWNER-001,NO-GO,NO-GO,D0.VNext.AFD0SpectralInvariantComparison
D0-VNEXT-AF-D0-FESHBACH-COMPRESSION-OWNER-001,PROOF-TARGET,PROOF-TARGET,vp_vnext_canonical_anchor_feshbach_compression.py
D0-VNEXT-33-SCENE-ANCHOR-NOGO-001,NO-GO,NO-GO,D0.VNext.AFD0SpectralInvariantComparison
D0-VNEXT-JOINT-DIRAC-ANCHOR-NOGO-001,NO-GO,NO-GO,D0.VNext.AFD0SpectralInvariantComparison
D0-VNEXT2-SCENE-FINGERPRINT-OWNER-001,CORE,CERT-CLOSED,D0.VNext2.SceneSpectralFingerprint
D0-VNEXT2-SCENE-NATIVE-REFINEMENT-OWNER-001,NO-GO,NO-GO,D0.VNext2.SceneNativeRefinementClassification
D0-VNEXT2-TRIPARTITE-PATH-TOWER-OWNER-001,NO-GO,NO-GO,D0.VNext2.SceneNativeRefinementClassification
D0-VNEXT2-SCENE-NATIVE-REFINEMENT-NOGO-001,NO-GO,NO-GO,D0.VNext2.SceneNativeRefinementClassification
D0-VNEXT2-ENDPOINT-CONDITIONAL-EXPECTATION-OWNER-001,PROOF-TARGET,PROOF-TARGET,vp_vnext2_endpoint_conditional_expectation.py
D0-VNEXT2-SCENE-XI-INTERTWINER-OWNER-001,NO-GO,NO-GO,D0.VNext2.SceneNativeRefinementClassification
D0-VNEXT2-XI-MAXIMALITY-NOGO-001,NO-GO,NO-GO,D0.VNext2.SceneNativeRefinementClassification
D0-VNEXT2-SCENE-SPECTRAL-LIFT-OWNER-001,PROOF-TARGET,PROOF-TARGET,vp_vnext2_scene_spectral_intertwining.py
D0-VNEXT2-SCENE-FESHBACH-LIFT-OWNER-001,PROOF-TARGET,PROOF-TARGET,vp_vnext2_scene_native_feshbach_lift.py
D0-VNEXT2-SCENE-DIRAC-COVARIANCE-OWNER-001,PROOF-TARGET,PROOF-TARGET,vp_vnext2_scene_dirac_covariance_selection.py
D0-VNEXT2-DIRAC-COVARIANCE-MAXIMALITY-NOGO-001,NO-GO,NO-GO,D0.VNext2.SceneNativeRefinementClassification
D0-VNEXT2-SCENE-NATIVE-MAXIMALITY-OWNER-001,NO-GO,NO-GO,D0.VNext2.SceneNativeRefinementClassification
D0-VNEXT2-SCENE-NATIVE-CLOSURE-BOUNDARY-001,NO-GO,NO-GO,D0.VNext2.SceneNativeRefinementClassification
D0-ECHO-DELAY-COMPACTNESS-OWNER-001,CORE,CERT-CLOSED,D0.Gravity.HorizonlessEchoDelay
D0-HORIZONLESS-ECHO-PASSPORT-001,FORMALISM/PASSPORT,PASSPORT-CLOSED,vp_echo_no_detection_overclaim.py
D0-ECHO-NEGATIVE-CONTROL-PROTOCOL-001,FORMALISM/PASSPORT,PASSPORT-CLOSED,vp_echo_passport_negative_controls.py
D0-PHASON-CONTINUUM-ENVELOPE-OWNER-001,CORE,CERT-CLOSED,D0.Cosmology.PhasonContinuumEnvelope
D0-SMOOTH-MANIFOLD-FORMALISM-PASSPORT-001,FORMALISM/PASSPORT,PASSPORT-CLOSED,vp_smooth_manifold_formalism_passport.py
