claim_id,book,section,type,domain,scope_guard,lean_module,lean_theorem,lean_status,release_status,uses_bridge_assumptions,assumption_ids,python_cert,module_exists,certs_exist,notes
D0-LEAN-CORE-001,Lean formalization,status,core,formal_core,Lean-owned finite/formal D0 core statement.,D0.TheoremLedger.ReleaseStatus,lean_core_release_candidate,LEAN_PROVED,CORE-FORMALIZED,False,,,True,True,Release-candidate core status backed by build and CI.
D0-LEAN-BRIDGE-001,Lean formalization,status,bridge,rg,Conditional bridge row; not a D0-core closure without listed assumptions.,D0.TheoremLedger.ReleaseStatus,lean_bridge_assumptions_explicit,LEAN_PROVED_WITH_BRIDGE_ASSUMPTIONS,BRIDGE-ASSUMPTIONS-EXPLICIT,True,ASSUMP-HURWITZ-GOLDEN;ASSUMP-RG-SMOOTH-INTERP;ASSUMP-LORENTZ-MACRO;ASSUMP-SMOOTH-COVARIANCE;ASSUMP-SMOOTH-HEATTRACE;ASSUMP-HST-EXTERNAL,,True,True,Bridge assumptions isolated from core.
D0-FOUND-001,BOOK_01/02,primitive positive response,core,formal_core,Lean-owned finite/formal D0 core statement.,D0.Core.Phi,primitive_quadratic_unique_pos_root,LEAN_PROVED,CORE-FORMALIZED,False,,,True,True,Exact p+p^2=1 positive root uniqueness.
D0-PHI-HURWITZ-001,BOOK_01/02,D0-class Hurwitz/minimax phase rigidity,core,formal_core,Lean-owned finite/formal D0 core statement.,D0.NumberTheory.HurwitzMinimaxPhi,HURWITZ_MINIMAX_D0_CLASS_PROVED,LEAN_PROVED,CORE-FORMALIZED,False,,vp_v1142_hurwitz_phi_phase_rigidity.py,True,True,D0 admissible period-one quadratic phase class proved; full global Lagrange spectrum remains external mathematical background. [8C: linked passing cert]
D0-ABCD-001,BOOK_01,ABCD role alphabet,core,formal_core,Lean-owned finite/formal D0 core statement.,D0.Core.DyadABCD,ABCD_cardinality,LEAN_PROVED,CORE-FORMALIZED,False,,,True,True,ABCD represented as Dyad x Dyad.
D0-OMEGA8-001,BOOK_01,Omega8 detector cycle,core,formal_core,Lean-owned finite/formal D0 core statement.,D0.Core.DyadABCD,omega8_cardinality,LEAN_PROVED,CORE-FORMALIZED,False,,,True,True,Omega8 represented as Role x Bool.
D0-CAPACITY-V9-001,BOOK_01/02,V9 capacity,core,formal_core,Lean-owned finite/formal D0 core statement.,D0.Core.FiniteTypes,card_v9,LEAN_PROVED,CORE-FORMALIZED,False,,,True,True,V9 exact cardinality.
D0-CAPACITY-V11-001,BOOK_01/02,V11 capacity,core,formal_core,Lean-owned finite/formal D0 core statement.,D0.Core.FiniteTypes,card_v11,LEAN_PROVED,CORE-FORMALIZED,False,,,True,True,V11 exact cardinality.
D0-CAPACITY-V13-001,BOOK_01/02,V13 capacity,core,formal_core,Lean-owned finite/formal D0 core statement.,D0.Core.FiniteTypes,card_v13,LEAN_PROVED,CORE-FORMALIZED,False,,,True,True,V13 exact cardinality.
D0-SCENE-001,BOOK_01/02,"K(9,11,13) counts",core,formal_core,Lean-owned finite/formal D0 core statement.,D0.Combinatorics.Tripartite,vertex_count_K_9_11_13;edge_count_K_9_11_13;triangle_count_K_9_11_13,LEAN_PROVED,CORE-FORMALIZED,False,,,True,True,Tripartite counts 33/359/1287.
D0-NCG-INDEX-001,BOOK_02,no 3-simplices guardrail,core,formal_core,Lean-owned finite/formal D0 core statement.,D0.Combinatorics.Tripartite,no_3_simplices_clique_complex,LEAN_PROVED,CORE-FORMALIZED,False,,,True,True,No four-partite clique guardrail.
D0-PHASE-UNFOLD-002,BOOK_01/02,forced return windows,core,formal_core,Lean-owned finite/formal D0 core statement.,D0.Phase,forced_terminal_window;terminal_window_totient;forced_ew_window;ew_window_totient;ew_depth,LEAN_PROVED,CORE-FORMALIZED,False,,vp_v1143_forced_return_windows_capacity.py,True,True,Exact 44 and 710 forced-window arithmetic. [8C: linked passing cert]
D0-QM-BORN-001,BOOK_02,finite Born normalization,bridge,formal_core,Conditional bridge row; not a D0-core closure without listed assumptions.,D0.Born,finite_born_sum_one,LEAN_PROVED_WITH_BRIDGE_ASSUMPTIONS,BRIDGE-ASSUMPTIONS-EXPLICIT,True,ASSUMP-HST-EXTERNAL,,True,True,Finite skeleton under explicit finite response assumptions; no full Gleason claim.
D0-QM-BORN-002,BOOK_02,finite Born nonnegativity,bridge,formal_core,Conditional bridge row; not a D0-core closure without listed assumptions.,D0.Born,finite_born_nonnegative,LEAN_PROVED_WITH_BRIDGE_ASSUMPTIONS,BRIDGE-ASSUMPTIONS-EXPLICIT,True,ASSUMP-HST-EXTERNAL,,True,True,Finite skeleton under explicit finite response assumptions.
D0-CARRIER-003,D0_OPERATOR_BRIDGE_TRIPLE_CLOSURE,Lorentz Clifford carrier,bridge,formal_core,Core/bridge split row; the formal spine is proved while physical coherence remains an explicit package.,D0.Algebra.Clifford,clifford_relation,LEAN_PROVED_WITH_BRIDGE_ASSUMPTIONS,CORE_BRIDGE_SPLIT,True,ASSUMP-LORENTZ-MACRO,vp_v1145_operator_bridge_triple.py,True,True,Finite Clifford relation is core; Lorentz macro integration is bridge.
D0-GAUGE-MATTER-001,BOOK_02/04,boundary skeleton,bridge,gauge_bridge,Conditional bridge row; not a D0-core closure without listed assumptions.,D0.Topology.BoundaryBoundary,boundary_boundary_zero,LEAN_PROVED_WITH_BRIDGE_ASSUMPTIONS,BRIDGE-ASSUMPTIONS-EXPLICIT,True,ASSUMP-HST-EXTERNAL,vp_v1132_gauge_matter_ward_anomaly.py,True,True,Boundary skeleton conditional on declared incidence pair.
D0-GAUGE-MATTER-002,BOOK_02/04,rational anomaly sums,core,gauge_bridge,Gauge-sector statement; physical Yang-Mills interpretation remains bridge-scoped when assumptions appear.,D0.Gauge.AnomalySums,grav_U1_anomaly_sum;U1_cubic_anomaly_sum;SU2_SU2_U1_anomaly_sum;SU3_SU3_U1_anomaly_sum,LEAN_PROVED,CORE-FORMALIZED,False,,vp_v1132_gauge_matter_ward_anomaly.py,True,True,Exact rational one-generation anomaly sums.
D0-RG-001,D0_OPERATOR_BRIDGE_TRIPLE_CLOSURE,phi discrete RG,bridge,rg,Conditional bridge row; not a D0-core closure without listed assumptions.,D0.Bridge.PhiDiscreteRG,phi_rg_bridge_conditional,LEAN_PROVED_WITH_BRIDGE_ASSUMPTIONS,BRIDGE-ASSUMPTIONS-EXPLICIT,True,ASSUMP-RG-SMOOTH-INTERP,vp_v1145_operator_bridge_triple.py,True,True,Scale algebra plus explicit smooth interpolation assumption.
D0-SMOOTH-001,D0_OPERATOR_BRIDGE_TRIPLE_CLOSURE,smooth metric bridge,bridge,smooth_geometry,Conditional bridge row; not a D0-core closure without listed assumptions.,D0.Bridge.SmoothMetricBridge,smooth_metric_bridge_conditional,LEAN_PROVED_WITH_BRIDGE_ASSUMPTIONS,BRIDGE-ASSUMPTIONS-EXPLICIT,True,ASSUMP-SMOOTH-COVARIANCE;ASSUMP-SMOOTH-HEATTRACE,vp_v1145_operator_bridge_triple.py,True,True,Smooth geometry remains conditional.
D0-PHASE-TOWER-001,BOOK_01/02,phase tower minimality and recursion,core,formal_core,Lean-owned finite/formal D0 core statement.,D0.Combinatorics.PhaseTowerMinimality,terminalWindow_minimal;fullOrientedWindow_minimal;fullOrientedWindow_C0_minimal,LEAN_PROVED,CORE-FORMALIZED,False,,,True,True,"Forced windows are minimal synchronization moduli, not post-hoc choices."
D0-PHASE-TOWER-002,BOOK_01/02,infinite phase tower bookkeeping,no-go,formal_core,Boundary/no-go row; prevents promotion of this route.,D0.Combinatorics.InfinitePhaseTower,capacity_recursion_total;forced_terminal_window_all;current_recursion_stabilizes_at_shell_two,LEAN_PROVED,NO_GO_PROVED,False,,,True,True,Formal tower exists but current terminal recursion stabilizes; direct Einstein tower is not derived here.
D0-ARCHIVE-TOWER-001,BOOK_06/07,archive refinement tower,core,formal_core,Lean-owned finite/formal D0 core statement.,D0.Geometry.ArchiveRefinementTower,terminal_readout_stable;archive_depth_strictly_increases;spectral_modes_strictly_increase;archive_projection_surjective,LEAN_PROVED,CORE-FORMALIZED,False,,,True,True,Terminal readout stable while archive/spectral refinement grows.
D0-ARCHIVE-MODE-EXPONENT-001,BOOK_07/08,forced archive mode exponent,core,formal_core,Lean-owned finite/formal D0 core statement.,D0.Geometry.ArchiveModeExponent,archive_mode_exponent_eq_abcd;archive_mode_exponent_eq_lorentz_dimension;archive_modes_forced,LEAN_PROVED,CORE-FORMALIZED,False,,,True,True,Archive exponent 4 forced by ABCD/Lorentz carrier dimension.
D0-ARCHIVE-HEATTRACE-001,BOOK_07/08,archive heat trace and Weyl cert,certificate,spectral_action,Certificate-bounded row; valid only for declared finite inputs and negative controls.,D0.Geometry.ArchiveHeatTrace,heat_trace_positive;heat_trace_projection_compatible,PYTHON_CERTIFIED,CERT-CLOSED,False,,vp_archive_heat_trace_weyl_dimension.py,True,True,Lean structural heat trace skeleton plus Weyl dimension cert.
D0-ARCHIVE-LAPLACIAN-001,BOOK_07,archive Laplacian properties,core,formal_core,Lean-owned finite/formal D0 core statement.,D0.Geometry.ArchiveLaplacianProperties,archive_laplacian_symmetric;archive_laplacian_nonnegative;archive_laplacian_zero_mode_control,LEAN_PROVED,CORE-FORMALIZED,False,,,True,True,Finite archive Laplacian is symmetric/nonnegative with zero-mode control.
D0-ARCHIVE-RESOLVENT-001,BOOK_07,archive resolvent compactness analogue,core,formal_core,Lean-owned finite/formal D0 core statement.,D0.Geometry.ArchiveResolventCompactness,finite_stage_resolvent_compact;archive_spectral_tightness_from_mode_growth;d0_archive_profinite_resolvent_compactness,LEAN_PROVED,CORE-FORMALIZED,False,,,True,True,Finite-stage compactness/projection/tightness structure for archive tower.
D0-SPECTRAL-ACTION-ADMISS-001,BOOK_07,D0-side spectral action admissibility,certificate,spectral_action,Certificate-bounded row; valid only for declared finite inputs and negative controls.,D0.Geometry.SpectralActionAdmissibility,d0_archive_satisfies_structural_admissibility,PYTHON_CERTIFIED,CERT-CLOSED,False,,vp_spectral_action_eh_coefficient.py;vp_spectral_action_expansion_stability.py,True,True,D0-side admissibility and coefficient/cutoff certs; external analytic theorem not internalized.
D0-HST-ARCHIVE-001,BOOK_06/08,HST archive external theorem interface,certificate,formal_core,Certificate-bounded row; valid only for declared finite inputs and negative controls.,D0.Probability.HSTExternalInterface,hst_admissible_from_certificates;entropy_kernel_exists_if_HST,PYTHON_CERTIFIED,CERT-CLOSED,False,,vp_archive_subgaussian_hst_admissibility.py;vp_archive_convex_order_domination.py,True,True,HST is external theorem object; D0-side archive hypotheses are cert-backed.
D0-ARCHIVE-ENTROPY-001,BOOK_06/08,archive entropy softmax coupling,certificate,formal_core,Certificate-bounded row; valid only for declared finite inputs and negative controls.,D0.Probability.EntropyCouplingKernel,archive_entropy_kernel_exists_if_HST;archive_forgetting_channel_unique,PYTHON_CERTIFIED,CERT-CLOSED,False,,vp_archive_entropy_softmax_coupling.py,True,True,Entropy-selected archive coupling interface plus finite-stage softmax coupling cert.
D0-DM-CLASSICALITY-001,BOOK_06/08,weak-coupling detector classicalization guardrail,certificate,formal_core,Certificate-bounded row; valid only for declared finite inputs and negative controls.,D0.Detector.WeakCouplingClassicalization,weak_coupling_readout_classical_guardrail,PYTHON_CERTIFIED,CERT-CLOSED,False,,vp_dm_classicality_guardrail.py,True,True,Weak-coupling/mode-averaging nonclassical signature suppression guardrail.
D0-ARCHIVE-GAUSSIAN-CHANNEL-001,BOOK_06/08,archive classical Gaussian macro-channel,core,formal_core,Lean-owned finite/formal D0 core statement.,D0.Probability.ArchiveClassicalGaussianChannel,archive_macro_channel_classical_gaussian,LEAN_PROVED,CORE-FORMALIZED,False,,,True,True,Combines HST interface and detector classicalization as typed macro-channel statement.
D0-GRAV-QNM-001,BOOK_07,QNM finite-boundary empirical passport gate,no-go,empirical_passport,Boundary/no-go row; prevents promotion of this route.,D0.Gravity.BoundaryRelaxationSpectrum,qnm_passport_requires_preregistered_inputs,PYTHON_CERTIFIED,NO_GO_PROVED,False,,vp_qnm_delta0_overtone_ladder.py,True,True,QNM ladder passport is blocked without preregistered model and extracted modes table.
D0-GENERATION-RAYS-001,BOOK_04,generation spectral-ray theorem attempt,no-go,formal_core,Boundary/no-go row; prevents promotion of this route.,D0.Spectrum.GenerationSpectralRays,NO_GO_GENERATION_RAYS_UNDEFINED,LEAN_PROVED,NO_GO_PROVED,False,,,True,True,"Bare K(9,11,13) spectral cluster generation route is no-go. Core generation index is instead D0-GEN-INDEX-001 via projective branch-defect rays."
D0-GEN-INDEX-001,BOOK_04,branch-defect projective generation index,core,formal_core,Lean-owned finite/formal D0 core statement.,D0.Spectrum.BranchDefectProjectiveGeneration,exactly_three_projective_branch_defect_generations;defectAction_order_three;defect_generation_card,LEAN_PROVED,CORE-FORMALIZED,False,,vp_pi0_branch_defect_generation.py,True,True,Generation index is the projective closure P1(F2) of the minimal two-branch defect plane; masses/Yukawa hierarchy are not included.
D0-GEN-MASS-001,BOOK_04,generation mass and phenomenological clustering,no-go,empirical_passport,Boundary/no-go row; prevents promotion of this route.,D0.Spectrum.BranchDefectProjectiveControls,branch_defect_projective_proof_closed,LEAN_PROVED,NO_GO_PROVED,False,,vp_pi0_branch_defect_generation.py,True,True,Core index is proved; physical masses/Yukawa hierarchy/PDG clustering require additional physical input and are not core theorems.
D0-ARCHIVE-PHASE-DISTANCE,BOOK_06/07,archive phase distance,core,formal_core,Lean-owned finite/formal D0 core statement.,D0.Geometry.ArchivePhaseDistance,archivePhaseDistance_nonnegative;archivePhaseDistance_symmetric;archivePhaseDistance_zero_iff,LEAN_PROVED,CORE-FORMALIZED,False,,,True,True,Metric on finite fibers.
D0-ARCHIVE-LAPLACIAN-PHASE-NATURALITY,BOOK_07,archive Laplacian phase naturality,no-go,formal_core,Boundary/no-go row; prevents promotion of this route.,D0.Geometry.ArchiveLaplacianPhaseNaturality,NO_GO_ARCHIVE_PHASE_LOCAL_UNIQUENESS,LEAN_PROVED,NO_GO_PROVED,False,,,True,True,Naturality alone does not uniquely fix the operator without further phase structure.
D0-ARCHIVE-PHASE-CURVATURE,BOOK_07,archive phase curvature,core,formal_core,Lean-owned finite/formal D0 core statement.,D0.Geometry.ArchivePhaseCurvatureObstruction,phase_flat_iff_zero_curvature_obstruction;NO_GO_PHASE_LAPLACIAN_PROJECTIVE_COMPATIBILITY;NO_GO_PHASE_CURVATURE_OBSTRUCTION,LEAN_PROVED,CORE-FORMALIZED,False,,,True,True,Nonvanishing curvature obstruction on refined phase fibers.
D0-ARCHIVE-LAPLACIAN-RG,BOOK_07,renormalized archive Laplacian RG geometry,certificate,rg,Certificate-bounded row; valid only for declared finite inputs and negative controls.,D0.Geometry.ArchiveLaplacianRG,archiveRGPhaseProjection_surjective;rg_curvature_zero_iff_exact_compatibility;rg_operator_curvature_zero_iff_renormalized_compatibility;rg_flat_curvature_zero_iff_exact_flat_compatibility;exact_projective_compatibility_fails,PYTHON_CERTIFIED,CERT-CLOSED,False,,vp_archive_laplacian_rg_flow.py,True,True,Nearest-neighbor phase Laplacian is not strictly projective; RG residual/curvature obstruction is tracked by scale-fit cert.
D0-ARCHIVE-SEAM-CURVATURE-001,BOOK_07,seam curvature density,certificate,formal_core,Certificate-bounded row; valid only for declared finite inputs and negative controls.,D0.Geometry.ArchiveCurvatureDensity,seamCommutator_zero_iff_operator_transport_flat;seamCurvatureDensity_nonnegative;seamCurvatureDensity_zero_iff_flat,PYTHON_CERTIFIED,CERT-CLOSED,False,,vp_archive_seam_curvature_action.py,True,True,Curvature is the seam commutator density; cert checks exact rank two and seam support.
D0-ARCHIVE-ACTION-001,BOOK_07,archive curvature action,certificate,formal_core,Certificate-bounded row; valid only for declared finite inputs and negative controls.,D0.Geometry.ArchiveActionFunctional,archiveCurvatureAction_nonnegative;archiveCurvatureAction_zero_iff_all_flat,PYTHON_CERTIFIED,CERT-CLOSED,False,,vp_archive_seam_curvature_action.py,True,True,Archive action is accumulated seam curvature and vanishes exactly when all included levels are transport-flat.
D0-ARCHIVE-FIELD-EQ-001,BOOK_07,archive seam-action field equation,certificate,formal_core,Certificate-bounded row; valid only for declared finite inputs and negative controls.,D0.Geometry.ArchiveFieldEquation,matrix_hs_square_expansion;first_variation_trace_square;seam_action_variation_quadratic_expansion;stationary_iff_first_variation_zero;vacuum_equation_iff_stationary;sourced_equation_variational_form,PYTHON_CERTIFIED,CERT-CLOSED,False,,vp_archive_variational_field_equation.py,True,True,Finite seam-action variation gives the field-gradient pairing and sourced variational equation.
D0-ARCHIVE-BIANCHI-001,BOOK_07,archive Bianchi conservation,core,formal_core,Lean-owned finite/formal D0 core statement.,D0.Geometry.ArchiveBianchiIdentity,archiveCanonicalLaplacian_row_sum_zero;archiveLiftOperator_row_sum_one;seamCommutator_row_sum_zero;curvature_gradient_conserved;source_must_be_conserved,LEAN_PROVED,CORE-FORMALIZED,False,,vp_archive_variational_field_equation.py,True,True,Row-sum conservation of the seam curvature gradient forces conserved archive sources.
D0-MATTER-STRESS-COUPLING-001,BOOK_04,matter archive stress coupling,core,formal_core,Lean-owned finite/formal D0 core statement.,D0.Matter.ArchiveStressCoupling,Matter.matterStressMatrix_symmetric;Matter.matterStressMatrix_conserved;Matter.generated_matter_source_conserved_if_anomaly_free;Matter.generated_matter_source_zero_if_anomaly_free,LEAN_PROVED,CORE-FORMALIZED,False,,,True,True,Generation/anomaly layer defines a symmetric conserved archive stress source; anomaly-free reps give zero source in this minimal coupling.
D0-ARCHIVE-VARIATION-DUAL-001,BOOK_07,archive variation space and dual,core,formal_core,Lean-owned finite/formal D0 core statement.,D0.Geometry.ArchiveVariationDual,pairing_depends_only_on_symmetric_part;skew_part_annihilates_admissible_variations,LEAN_PROVED,CORE-FORMALIZED,False,,,True,True,Admissible variation dual properties.
D0-ARCHIVE-STRESS-REP-001,BOOK_07,canonical conserved stress representative,core,formal_core,Lean-owned finite/formal D0 core statement.,D0.Geometry.ArchiveStressRepresentative,raw_gradient_equivalent_to_canonical_stress;canonical_stress_symmetric;canonical_stress_conservation_no_go,LEAN_PROVED,CORE-FORMALIZED,False,,,True,True,Symmetric representative defined and raw gradient equivalent.
D0-ARCHIVE-WEAK-FIELD-001,BOOK_07/08,discrete weak field and Poisson limit,core,formal_core,Lean-owned finite/formal D0 core statement.,D0.Geometry.ArchivePoissonEquation,poisson_requires_neutral_source;poisson_solution_unique_mod_constant,LEAN_PROVED,CORE-FORMALIZED,False,,vp_archive_weak_field_poisson.py,True,True,Poisson equation has unique solution up to constant.
D0-MATTER-SOURCE-NEUTRALITY-001,BOOK_04/08,neutrality of generated matter source,core,formal_core,Lean-owned finite/formal D0 core statement.,D0.Matter.GeneratedMatterSource,Matter.generated_matter_source_neutral_if_anomaly_free;Matter.NO_GO_MATTER_SOURCE_NEUTRALITY,LEAN_PROVED,CORE-FORMALIZED,False,,,True,True,Generated-source neutrality closes the minimal base interface; nonzero localized sources are handled by D0-MATTER-LOCALIZATION-001.
D0-MATTER-REP-001,BOOK_04,matter representation generation multiplicity,core,gauge_bridge,Gauge-sector statement; physical Yang-Mills interpretation remains bridge-scoped when assumptions appear.,D0.Matter.GenerationMultiplicity,Matter.rep_with_generations_card;Matter.generation_index_does_not_change_gauge_charge;Matter.matter_rep_generation_multiplicity_three,LEAN_PROVED,CORE-FORMALIZED,False,,,True,True,Matter generation multiplicity is exactly three.
D0-MATTER-ANOMALY-001,BOOK_04,anomaly preservation in generational structure,core,formal_core,Lean-owned finite/formal D0 core statement.,D0.Matter.GenerationAnomalyPreservation,Matter.anomaly_sum_triples;Matter.anomaly_zero_preserved,LEAN_PROVED,CORE-FORMALIZED,False,,,True,True,Generational anomaly sum structure.
D0-GEOM-OBSTRUCT-001,BOOK_07,flat archive curvature obstruction,core,formal_core,Lean-owned finite/formal D0 core statement.,D0.Geometry.ArchiveCurvatureObstruction,flat_archive_iff_zero_curvature_obstruction,LEAN_PROVED,CORE-FORMALIZED,False,,,True,True,Flat archive iff zero curvature obstruction.
D0-ARCHIVE-STRESS-CONSERVATION-001,BOOK_07,constrained stress representative projection,core,formal_core,Lean-owned finite/formal D0 core statement.,D0.Frozen.ConservedStressProjection,constrained_projection_applies_to_archive_gradient,LEAN_PROVED,CORE-FORMALIZED,False,,,True,True,Constrained representative is symmetric and conserved.
D0-ARCHIVE-SCALAR-REDUCTION-001,BOOK_07,non-vacuous scalar stationarity to Poisson,core,formal_core,Lean-owned finite/formal D0 core statement.,D0.Active.ScalarPoissonReduction,scalar_stationarity_implies_archive_poisson,LEAN_PROVED,CORE-FORMALIZED,False,,,True,True,Stationarity under scalar perturbations reduces to discrete Poisson.
D0-MATTER-LOCALIZATION-001,BOOK_04,conditional matter source neutrality,core,formal_core,Lean-owned finite/formal D0 core statement.,D0.Active.NonzeroMatterSourceNeutrality,Matter.localized_matter_source_neutral_if_anomaly_free,LEAN_PROVED,CORE-FORMALIZED,False,,,True,True,Conditional matter source neutrality under localization assumption.
D0-COSMO-HOMOGENEOUS-FIXED-POINT-001,BOOK_08,Friedmann homogeneous fixed point,core,cosmology,Formal finite cosmology shape statement; not an observational cosmology fit without certificate/passport data.,D0.Cosmology.ArchiveHomogeneousState,homogeneous_total_eq_value;homogeneous_mass_conserving_fixed_point,LEAN_PROVED,CORE-FORMALIZED,False,,,True,True,Homogeneous state mass conservation fixed point.
D0-COSMO-ZERO-MEAN-UNDERDENSE-001,BOOK_08,zero mean mode underdense region,core,cosmology,Formal finite cosmology shape statement; not an observational cosmology fit without certificate/passport data.,D0.Cosmology.ZeroMeanModes,zero_mean_nonzero_has_negative_component;zero_mean_nonzero_has_positive_component;zero_mean_mode_has_underdense_region,LEAN_PROVED,CORE-FORMALIZED,False,,,True,True,Zero-mean modes must have negative (underdense) and positive components.
D0-COSMO-TRANSIENT-ACCELERATION-001,BOOK_08,transient acceleration from underdense mode,core,cosmology,Formal finite cosmology shape statement; not an observational cosmology fit without certificate/passport data.,D0.Cosmology.TransientAcceleration,inverse_density_convex_three_point;underdense_geometric_mode_generates_positive_acceleration,LEAN_PROVED,CORE-FORMALIZED,False,,,True,True,Geometric underdensity pattern yields transient acceleration in 1/rho.
D0-COSMO-INSTABILITY-SATURATION-001,BOOK_08,instability saturation,core,cosmology,Formal finite cosmology shape statement; not an observational cosmology fit without certificate/passport data.,D0.Cosmology.InstabilitySaturation,positive_lower_bound_blocks_eternal_linear_underdensity,LEAN_PROVED,CORE-FORMALIZED,False,,vp_archive_friedmann_instability.py,True,True,Lower bound blocks eternal linear underdensity growth.
D0-COSMO-ENTROPY-FLOW-FIXED-POINT-001,BOOK_08,homogeneous fixed point of entropy-coupled archive flow,core,cosmology,Formal finite cosmology shape statement; not an observational cosmology fit without certificate/passport data.,D0.Cosmology.EntropyArchiveFlow,homogeneous_fixed_point,LEAN_PROVED,CORE-FORMALIZED,False,,,True,True,Mass-preserving homogeneous entropy-coupled flow fixed point.
D0-COSMO-JACOBIAN-INSTABILITY-001,BOOK_08,linearized Jacobian eigenvalue instability,core,cosmology,Formal finite cosmology shape statement; not an observational cosmology fit without certificate/passport data.,D0.Cosmology.LinearizedEntropyFlow,jacobian_eigenvalue_formula;jacobian_eigenvalue_unstable_if_mu_positive,LEAN_PROVED,CORE-FORMALIZED,False,,,True,True,Linearized flow eigenvalue formula and instability.
D0-COSMO-VOLUME-FLOOR-BOUND-001,BOOK_08,archive volume bounds under density floor,core,cosmology,Formal finite cosmology shape statement; not an observational cosmology fit without certificate/passport data.,D0.Cosmology.ArchiveVolumeBounds,density_floor_bounds_inverse;density_floor_bounds_archiveVolume;bounded_volume_no_eternal_uniform_acceleration,LEAN_PROVED,CORE-FORMALIZED,False,,,True,True,Density floor bounds archive volume and prevents eternal acceleration.
D0-COSMO-CONCRETE-FLOW-001,BOOK_08,concrete entropy softmax archive flow,core,cosmology,Formal finite cosmology shape statement; not an observational cosmology fit without certificate/passport data.,D0.Cosmology.ConcreteEntropyArchiveFlow,softmax_flow_mass_preserving;homogeneous_state_maps_to_itself;positivity_if_initial_positive;centered_source_zero_mean,LEAN_PROVED,CORE-FORMALIZED,False,,,True,True,Concrete entropy-coupled softmax flow properties.
D0-COSMO-JACOBIAN-SIGN-001,BOOK_08,Jacobian sign convention instability audit,core,cosmology,Formal finite cosmology shape statement; not an observational cosmology fit without certificate/passport data.,D0.Cosmology.EntropyJacobianSign,jacobian_eigenvalue_formula_convention;jacobian_eigenvalue_unstable_convention,LEAN_PROVED,CORE-FORMALIZED,False,,,True,True,Instability audit locks sign and eigenvalue formula.
D0-COSMO-FLOOR-PROJECTION-001,BOOK_08,mass-and-floor projection properties,core,cosmology,Formal finite cosmology shape statement; not an observational cosmology fit without certificate/passport data.,D0.Cosmology.FloorMassProjection,projection_preserves_mass;projection_preserves_floor;projection_exists_of_feasible,LEAN_PROVED,CORE-FORMALIZED,False,,,True,True,Feasible projection preserves mass and floor.
D0-COSMO-TICK-GAUGE-EQUIV-001,BOOK_08,tick-gauge scaling equivalence,core,cosmology,Formal finite cosmology shape statement; not an observational cosmology fit without certificate/passport data.,D0.Geometry.ArchiveTickGaugeFixing,eta_absorbs_into_response,LEAN_PROVED,CORE-FORMALIZED,False,,,True,True,Tick gauge equivalence holds by parameter absorption.
D0-COSMO-WATER-FILLING-001,BOOK_08,water-filling floor projection properties,core,cosmology,Formal finite cosmology shape statement; not an observational cosmology fit without certificate/passport data.,D0.Probability.ArchiveFloorWaterFilling,waterFill_preserves_floor;waterFill_mass_if_root;feasibility,LEAN_PROVED,CORE-FORMALIZED,False,,,True,True,Water-filling preserves floor and is feasible when mass is large enough.
D0-COSMO-CONFORMAL-TRACE-001,BOOK_08,conformal Laplacian trace as volume proxy,core,cosmology,Formal finite cosmology shape statement; not an observational cosmology fit without certificate/passport data.,D0.Geometry.ConformalLaplacianTrace,trace_weighted_laplacian;regular_trace_volume_proxy;archiveVolume_heat_trace_proxy,LEAN_PROVED,CORE-FORMALIZED,False,,,True,True,Weighted trace volume proxy proportional to archiveVolume on regular graphs.
D0-GEOM-HEAT-TRACE-EH-PROXY-001,BOOK_08,trace square weighted Laplacian decomposition,core,formal_core,Lean-owned finite/formal D0 core statement.,D0.Geometry.HeatTraceEHProxy,weighted_laplacian_entry;trace_square_weighted_laplacian_decomposition;offdiag_proxy_nonnegative;regular_graph_diagonal_square_term,LEAN_PROVED,CORE-FORMALIZED,False,,,True,True,Weighted trace square decomposition and proxy nonnegativity.
D0-COSMO-CORE-SHAPE-PASSPORT-BOUNDARY-001,BOOK_08,independence of D0 core shape generator from empirical parameters,core,cosmology,Formal finite cosmology shape statement; not an observational cosmology fit without certificate/passport data.,D0.Cosmology.CoreShapePassportBoundary,core_shape_independent_of_empirical_parameters;empirical_passport_not_core_closed,LEAN_PROVED,CORE-FORMALIZED,False,,,True,True,D0 core shape independent of empirical params and external data not core closed.
D0-GEOM-HEAT-TRACE-A2-DECOMP-001,BOOK_08,A2 exact trace square decomposition with factor 1/2,core,spectral_action,Finite spectral-action or heat-trace statement; no continuum Einstein-Hilbert promotion by default.,D0.Geometry.HeatTraceA2Decomposition,heat_trace_sq_exact_decomposition;discrete_eh_proxy_nonnegative;offdiag_double_count_guard;double_count_factor_guard,LEAN_PROVED,CORE-FORMALIZED,False,,vp_spectral_action_eh_coefficient.py,True,True,Heat trace exact decomposition with factor 1/2 and double-count guard.
D0-GEOM-SPECTRAL-ACTION-LADDER-001,BOOK_08,spectral action trace power ladder properties and bounds,core,smooth_geometry,Finite/symbolic smooth-geometry proxy; continuum covariance requires declared bridge assumptions.,D0.Geometry.SpectralActionLadder,spectral_action_a0_is_volume_proxy;spectral_action_a2_is_eh_proxy;higher_curvature_floor_bound_basic;trace_power_bound;a0_is_volume_proxy;a2_is_eh_proxy;higher_powers_floor_bounded,LEAN_PROVED,CORE-FORMALIZED,False,,vp_spectral_action_eh_coefficient.py,True,True,Finite spectral-action ladder and bounds; no continuum EH promotion.
D0-GEOM-HIGHER-CURVATURE-FLOOR-BOUND-001,BOOK_08,higher curvature suppression by density floor,core,spectral_action,Finite spectral-action or heat-trace statement; no continuum Einstein-Hilbert promotion by default.,D0.Geometry.HigherCurvatureSuppression,Geometry.HigherCurvatureSuppression.matrix_power_combinatorial_bound;Geometry.HigherCurvatureSuppression.conformal_laplacian_entry_bound;Geometry.HigherCurvatureSuppression.higher_curvature_suppression_by_floor,LEAN_PROVED,CORE-FORMALIZED,False,,vp_spectral_action_eh_coefficient.py,True,True,Higher curvature trace powers are bounded by the conformal density floor estimate.
D0-TRACEABILITY-STATUS-TAXONOMY-001,BOOK_08,formal status taxonomy guardrail,core,empirical_passport,Passport or empirical interface row; not a D0-core theorem without external data discipline.,D0.Traceability.StatusTaxonomy,Traceability.external_likelihood_cannot_promote_to_core_closed,LEAN_PROVED,CORE-FORMALIZED,False,,,True,True,Traceability status taxonomy with promotion guardrails.
D0-OPERATOR-GAUGE-CURVATURE-ORIGIN-001,BOOK_08,archive commutator gauge curvature origin,core,gauge_bridge,Gauge-sector statement; physical Yang-Mills interpretation remains bridge-scoped when assumptions appear.,D0.Matter.GaugeCurvatureOrigin,Algebra.commutator_self_zero;Algebra.commutator_skew_of_skew;Algebra.minus_trace_square_nonnegative;Matter.gauge_curvature_skew;Matter.abelian_curvature_annihilates_self_interaction;Matter.gauge_action_positive_from_origin;Bridge.gauge_curvature_origin_closed,LEAN_PROVED,CORE-FORMALIZED,False,,,True,True,Linear/abelian gauge curvature origin closed from archive commutators.
D0-OPERATOR-VECTOR-LAPLACIAN-ORIGIN-001,BOOK_08,vector Laplacian operator origin,core,formal_core,Lean-owned finite/formal D0 core statement.,D0.Matter.VectorOperatorOrigin,Matter.vector_laplacian_preserves_skew;Matter.vector_laplacian_energy_nonnegative;Matter.vector_operator_origin_applies_to_field_equation;Bridge.vector_operator_origin_closed,LEAN_PROVED,CORE-FORMALIZED,False,,,True,True,Vector operator origin via negative double commutator.
D0-OPERATOR-EDGE-STIFFNESS-ORIGIN-001,BOOK_08,edge stiffness capacity-core origin,core,formal_core,Lean-owned finite/formal D0 core statement.,D0.Geometry.EdgeStiffnessOrigin,Geometry.capacityCore_symmetric;Geometry.capacityCore_psd;Geometry.symmOffDiag_projection_trace_transparent;Geometry.edge_stiffness_preserves_symmOffDiag;Geometry.edge_stiffness_energy_nonnegative;Bridge.edge_stiffness_origin_closed,LEAN_PROVED,CORE-FORMALIZED,False,,,True,True,Edge stiffness origin with symm-offdiag projection.
D0-NO-GO-BARE-ARCHIVE-NONABELIAN-001,BOOK_08,bare archive nonabelian completion boundary,no-go,formal_core,Boundary/no-go row; prevents promotion of this route.,D0.Bridge.OperatorOriginIndex,Bridge.nonabelian_completion_boundary,LEAN_PROVED,NO-GO,False,,,True,True,Nonabelian completion remains outside bare archive operator.
D0-NO-GO-EDGE-STIFFNESS-SCALAR-LEAKAGE-001,BOOK_08,edge stiffness scalar leakage without projection,no-go,formal_core,Boundary/no-go row; prevents promotion of this route.,D0.Geometry.EdgeStiffnessOrigin,Geometry.edge_projection_prevents_scalar_leakage,LEAN_PROVED,NO-GO,False,,,True,True,Bare HP+PH can leak scalar diagonal without symmOffDiag projection.
D0-NO-GO-FLAT-TENSOR-NONABELIAN-001,BOOK_08,flat tensor nonabelian boundary,no-go,gauge_bridge,Boundary/no-go row; prevents promotion of this route.,D0.Gauge.FlatTensorNoGo,Gauge.flat_tensor_of_two_skew_is_symmetric;Gauge.naive_flat_tensor_nonabelian_boundary,LEAN_PROVED,NO-GO,False,,,True,True,Naive flat tensor of two skew sectors is symmetric and leaves the skew/vector sector.
D0-GAUGE-NONABELIAN-DISCRETE-CURVATURE-001,BOOK_08,nonabelian discrete curvature,core,gauge_bridge,Gauge-sector statement; physical Yang-Mills interpretation remains bridge-scoped when assumptions appear.,D0.Gauge.NonAbelianDiscreteCurvature,Gauge.spatialCommutator_preserves_skew;Gauge.spatialWedge_preserves_skew;Gauge.nonabelian_curvature_preserves_skew;Gauge.nonabelian_discrete_curvature_boundary,LEAN_PROVED,CORE-FORMALIZED,False,,,True,True,Nonabelian curvature package preserves the skew sector after adding the wedge layer.
D0-GAUGE-BIANCHI-RESIDUAL-BOUNDARY-001,BOOK_08,bianchi residual boundary,no-go,gauge_bridge,Boundary/no-go row; prevents promotion of this route.,D0.Gauge.BianchiResidual,Gauge.residual_expands_by_definitions;Gauge.exact_residual_graph_anomaly_boundary,LEAN_PROVED,NO-GO,False,,,True,True,Residual expansion is exact by definition; flat ungraded residual is NO-GO while graded incidence Bianchi is closed.
D0-GAUGE-YANG-MILLS-KILLING-POSITIVITY-001,BOOK_08,yang mills killing positivity,bridge,gauge_bridge,Conditional bridge row; not a D0-core closure without listed assumptions.,D0.Gauge.YangMillsKillingPositivity,Gauge.discreteYangMillsAction_nonnegative_of_killing_nonpos,LEAN_PROVED_WITH_BRIDGE_ASSUMPTIONS,BRIDGE-ASSUMPTIONS-EXPLICIT,True,ASSUMP-COMPACT-LIE-KILLING-NEGATIVE,,True,True,Yang-Mills positivity follows from assumed negative semidefinite Killing form. [was:BRIDGE-ASSUMPTION]
D0-FINAL-BRIDGE-INDEX-001,BOOK_08,final bridge index,core,formal_core,Lean-owned finite/formal D0 core statement.,D0.Bridge.FinalBridgeIndex,Bridge.D0_FINAL_FOUNDATION_INDEX,LEAN_PROVED,CORE-FORMALIZED,False,,,True,True,Machine-checkable final bridge index over closed D0 foundation groups.
D0-HURWITZ-LOCAL-BOUNDARY-001,BOOK_04,Hurwitz local finite boundary,core,formal_core,Lean-owned finite/formal D0 core statement.,D0.Algebra.HurwitzLocalBoundary,Algebra.dim_one_admissible;Algebra.dim_two_admissible;Algebra.dim_four_admissible;Algebra.dim_eight_admissible;Algebra.dim_one_has_local_finite_witness;Algebra.dim_two_has_local_finite_witness;Algebra.dim_four_has_local_finite_witness;Algebra.dim_eight_has_local_finite_witness;Algebra.hurwitz_local_boundary_split,LEAN_PROVED,CORE-FORMALIZED,False,,,True,True,Local finite admissibility and table witnesses are internal D0 theorems for dimensions 1/2/4/8.
D0-EXTERNAL-BACKGROUND-HURWITZ-GLOBAL-CLASSIFICATION-001,BOOK_04,global Hurwitz/Lagrange classification external background,deprecated,external_background,Deprecated or historical row; not a live promotion path.,D0.Algebra.D0InternalDimensionSelector,Algebra.global_hurwitz_classification_not_core_dependency,DEPRECATED,EXTERNAL-BACKGROUND,False,,,True,True,Global normed-division exhaustion is no longer an active D0 core dependency; D0 core uses the finite internal selector.
D0-GAUGE-MATRIX-REP-TRANSFORM-001,BOOK_05/06,matrix representation finite gauge transform,core,gauge_bridge,Gauge-sector statement; physical Yang-Mills interpretation remains bridge-scoped when assumptions appear.,D0.Gauge.MatrixRepGaugeTransform,Gauge.gaugeTransformFinite_well_typed;Gauge.discreteMaurerCartan_well_typed;Gauge.matrixRepCurvature_well_typed;Gauge.gaugeTransformFinite_preserves_skew_of_orthogonal;Gauge.matrixRepCurvature_preserves_skew;Gauge.matrix_rep_yang_mills_action_nonnegative_of_skew,LEAN_PROVED,CORE-FORMALIZED,False,,,True,True,Finite matrix-representation Yang-Mills layer is closed without asserting abstract graded Bianchi.
D0-NO-GO-ABSTRACT-LIERING-FINITE-TRANSFORM-001,BOOK_05/06,abstract LieRing finite transform no-go,no-go,gauge_bridge,Boundary/no-go row; prevents promotion of this route.,D0.Gauge.MatrixRepGaugeTransform,Gauge.abstract_lieRing_finite_transform_requires_associative_representation,LEAN_PROVED,NO-GO,False,,,True,True,Finite transform cannot be stated in bare abstract LieRing form without an associative matrix representation.
D0-GAUGE-BIANCHI-GRADED-DEPRECATED-001,BOOK_05/06,deprecated exact Bianchi placeholder,deprecated,gauge_bridge,Deprecated or historical row; not a live promotion path.,D0.Gauge.MatrixRepGaugeTransform,Gauge.exact_bianchi_identity_replaced_by_graded_incidence_closure,DEPRECATED,DEPRECATED,False,,,True,True,Replaced by D0-GRADED-BIANCHI-EXACT-001; exact Bianchi is closed on the graded incidence complex.
D0-BRIDGE-SI-CALIBRATION-BOUNDARY-001,BOOK_08,SI bridge calibration boundary,bridge,si_calibration,Bridge-calibration row; SI or dimensional interpretation requires an explicit external calibration object.,D0.Bridge.SICalibrationBoundary,Bridge.c0_c2_scale_action_values_only;Bridge.c0_c2_cannot_alter_a0_a2_trace_shapes;Bridge.si_calibration_belongs_to_bridge_calibration_status;Bridge.si_calibration_cannot_promote_to_core_closed,PYTHON_CERTIFIED,BRIDGE-CALIBRATION,False,,vp_si_calibration_boundary.py,True,True,c0/c2/G_N/H0 are bridge calibration symbols and cannot mutate core a0/a2 trace shapes.
D0-HURWITZ-INTERNAL-DIMENSION-SELECTOR-001,BOOK_04,D0 internal dimension selector,core,formal_core,Lean-owned finite/formal D0 core statement.,D0.Algebra.D0InternalDimensionSelector,Algebra.d0_internal_dimension_value;Algebra.d0_internal_dimension_value_mem;Algebra.d0_admissible_dimension_iff;Algebra.d0_admissible_internal_dimension_iff;Algebra.octonion_witness_not_associative_matrix_algebra;Algebra.d0_selector_closes_core_internal_dimension,LEAN_PROVED,CORE-FORMALIZED,False,,,True,True,D0 core dimension selection is finite and internal; octonion witness is finite composition data not an associative Matrix 8 8 algebra.
D0-GAUGE-WILSON-LINK-COVARIANCE-001,BOOK_05/06,Wilson-link finite gauge covariance,core,gauge_bridge,Gauge-sector statement; physical Yang-Mills interpretation remains bridge-scoped when assumptions appear.,D0.Gauge.WilsonLinkGaugeCovariance,Gauge.wilson_loop_covariance,LEAN_PROVED,CORE-FORMALIZED,False,,,True,True,Finite gauge covariance is closed on group-valued Wilson links by path rewriting and inverse cancellation.
D0-NO-GO-NAIVE-LOCAL-GAUGE-COVARIANCE-001,BOOK_05/06,naive local gauge covariance counterexample,no-go,gauge_bridge,Boundary/no-go row; prevents promotion of this route.,D0.Gauge.WilsonLinkGaugeCovariance,Gauge.naive_local_gauge_covariance_counterexample_fin3,LEAN_PROVED,NO-GO,False,,,True,True,Old naive flat matrix local transform has a concrete Fin 3 counterexample.
D0-GRADED-BIANCHI-EXACT-001,BOOK_05/06,graded incidence Bianchi closure,core,gauge_bridge,Gauge-sector statement; physical Yang-Mills interpretation remains bridge-scoped when assumptions appear.,D0.Gauge.GradedBianchiIdentity,Topology.graded_nilpotency;Topology.discrete_exact_bianchi;Topology.graded_bianchi_exact;Gauge.abelian_bianchi_exact;Gauge.graded_bianchi_exact,LEAN_PROVED,CORE-FORMALIZED,False,,,True,True,Bianchi is exact on a graded incidence complex by boundary nilpotency.
D0-NO-GO-UNGRADED-BIANCHI-RESIDUAL-001,BOOK_05/06,ungraded flat matrix Bianchi residual no-go,no-go,gauge_bridge,Boundary/no-go row; prevents promotion of this route.,D0.Gauge.GradedBianchiIdentity,Gauge.ungraded_bianchi_residual_counterexample_fin2,LEAN_PROVED,NO-GO,False,,,True,True,Flat ungraded commutator graph has a concrete Fin 2 residual counterexample.
D0-BRIDGE-SI-CALIBRATION-CLOSURE-001,BOOK_08,SI calibration type closure,bridge,si_calibration,Bridge-calibration row; SI or dimensional interpretation requires an explicit external calibration object.,D0.Bridge.SICalibrationClosure,Bridge.core_traces_are_dimensionless;Bridge.calibration_changes_only_action_scaling;Bridge.calibration_changes_units_not_core_shape;Bridge.no_si_observable_without_external_calibration;Bridge.h0_gn_lambda_are_not_core_observables;Bridge.si_observables_require_external_calibration,LEAN_PROVED,BRIDGE-CALIBRATION,False,,,True,True,D0 core computes dimensionless traces; H0/GN/Lambda require an explicit ExternalSICalibration object.
D0-INTERPRETATION-SPINE-001,BOOK_00/08,unified interpretation spine and single SI readout,bridge,interpretation_spine,Core/bridge split row; the formal spine is proved while physical coherence remains an explicit package.,D0.Bridge.InterpretationSpine,Bridge.interpretation_package_keeps_core_dimensionless;Bridge.interpretation_package_does_not_mutate_core_shape;Bridge.si_readout_uses_single_external_calibration;Bridge.interpretation_spine_has_single_si_readout;Bridge.empirical_comparison_is_after_si_readout;Bridge.interpretation_package_rg_readout_coherent;Bridge.interpretation_package_spectral_action_readout_coherent;Bridge.interpretation_package_cosmology_shape_readout_coherent;Bridge.interpretation_package_gauge_readout_coherent;Bridge.interpretation_package_passports_external;Bridge.interpretation_spine_coherence_contract;Bridge.interpretation_package_from_existing_anchors_coherent,LEAN_PROVED,CORE_BRIDGE_SPLIT,False,,,True,True,Unified dimensionless interpretation spine: RG/spectral/cosmology/gauge coherence is a typed readout package assembled from existing anchors and SI readout uses one ExternalSICalibration without mutating core shape.
D0-TORUS-CORE13-GEOMETRY-001,BOOK_02/03,Torus-Core13 finite geometry origin,core,formal_core,Lean-owned finite/formal D0 core statement.,D0.Geometry.TorusCore13GeometryOrigin,Geometry.torus_shell_card_eq_three;Geometry.TorusParameter.outer_inner_ratio;Geometry.TorusParameter.major_minor_ratio;Geometry.TorusParameter.equator_ratio;Geometry.radial_hopping_phase_drift_commutator_01;Geometry.radial_hopping_phase_drift_noncommute,LEAN_PROVED,CORE-FORMALIZED,False,,vp_torus_core13_geometry_origin.py,True,True,Finite torus shell owner proves three-shell carrier and noncommuting radial hopping versus phase drift without data input.
D0-TORUS-GENERATION-SELECTOR-001,BOOK_04,Torus-sourced generation selector origin,core,formal_core,Lean-owned finite/formal D0 core statement.,D0.Matter.GenerationSelectorOrigin,Matter.torus_geometry_forces_generation_selector_noncommute,LEAN_PROVED,CORE-FORMALIZED,False,,vp_generation_selector_origin.py,True,True,Generation selector noncommutativity is sourced from finite torus shell geometry rather than a detached fixture selector.
D0-TORUS-GENERATION-OVERLAP-001,BOOK_04,Torus-sourced generation overlap response,core,formal_core,Lean-owned finite/formal D0 core statement.,D0.Matter.GenerationOverlapResponseOrigin,Matter.torus_shell_noncommutativity_forces_nonpermutation_overlap_source,LEAN_PROVED,CORE-FORMALIZED,False,,vp_generation_selector_origin.py,True,True,Overlap origin is tied to torus shell noncommutativity while physical CKM entries remain downstream passport data.
D0-BORN-QUADRATIC-ORIGIN-001,BOOK_01/02,Born quadratic finite origin,core,formal_core,Lean-owned finite/formal D0 core statement.,D0.Core.BornQuadraticOrigin,parallelogram_response_is_quadratic_form;quarter_turn_quadratic_forces_norm_square;born_quadratic_origin_closed,LEAN_PROVED,CORE-FORMALIZED,False,,vp_born_quadratic_origin.py,True,True,Finite phase quadrature gives quadratic response and unit phase-blind calibration gives norm-square before Born normalization.
D0-CKM-NONTRIVIAL-FLAVOUR-ALGEBRA-001,BOOK_04,nontrivial flavour defect algebra,core,formal_core,Lean-owned finite/formal D0 core statement.,D0.Matter.CKMNontrivialFlavourAlgebra,Matter.permutation_witness_has_no_nontrivial_flavour_transfer;Matter.overlap_response_can_force_nonpermutation_transfer;Matter.torus_overlap_generates_nonpermutation_flavour_transfer;Matter.nontrivial_flavour_defect_positive_response;Matter.nontrivial_flavour_defect_admissible_for_meson_transfer,LEAN_PROVED,CORE-FORMALIZED,False,,vp_generation_overlap_response_origin.py,True,True,Finite flavour defect is sourced by non-permutation overlap and has positive response without physical CKM entries.
D0-QUASI009-CKM-PHASON-HOLONOMY-001,BOOK_04/08,CKM as finite phason holonomy origin,certificate,empirical_passport,Certificate-bounded row; valid only for declared finite inputs and negative controls.,,,PYTHON_CERTIFIED,CERT-CLOSED,False,,vp_ckm_phason_holonomy_k0.py,False,True,"Finite formal origin: non-permutation phason holonomy on the Torus Core-13 shell loop with rational unitary transport and chiral orientation twist; external CKM comparison passport/certificate is not core and no PDG entries are used. [Phase L honesty] Lean = EXTERNAL-GAP: K-theory / Connes spectral-triple / phason-holonomy class are not in Mathlib 4.30; the prior leanCoreProved theorem was a placeholder identity (stmt)(h):=h and was removed. Finite content stays cert-closed by the python_cert; the Lean structures-scaffold remains in the module for the Bridge index, not as a proof."
D0-MESON-POSITIVE-DEFECT-TRANSFER-001,BOOK_04,meson positive defect transfer origin,core,formal_core,Lean-owned finite/formal D0 core statement.,D0.Matter.MesonDefectTransferOrigin,Matter.meson_support_projector_idempotent;Matter.flavour_defect_positive_response;Matter.meson_positive_defect_transfer_admissible,LEAN_PROVED,CORE-FORMALIZED,False,,vp_meson_positive_defect_transfer.py,True,True,Meson transfer uses the typed Edge by Generation carrier and lifted flavour defect rather than a direct sum of unrelated spaces.
D0-GRAVITY-ENTROPIC-ARCHIVE-001,BOOK_07,finite archive entropic gravity interface,core,formal_core,Lean-owned finite/formal D0 core statement.,D0.Gravity.EntropicArchiveInterface,Gravity.boundary_capacity_nonnegative;Gravity.graph_laplacian_symmetric;Gravity.conserved_flux_no_creation;Gravity.entropic_tension_energy_nonnegative;Gravity.entropic_archive_interface_closure,LEAN_PROVED,CORE-FORMALIZED,False,,vp_entropic_archive_gravity.py,True,True,Finite graph cut capacity heat-trace observable archive flux conservation and nonnegative entropic tension are formal D0 objects.
D0-GRAVITY-MACRO-EINSTEIN-INTERFACE-001,BOOK_07,macro Einstein-Hilbert interface from finite gravity witness,bridge,smooth_geometry,Core/bridge split row; the formal spine is proved while physical coherence remains an explicit package.,D0.Gravity.MacroEinsteinInterface,Gravity.spectral_a2_eh_bridge_closed;Gravity.finite_gravity_macro_constraints_closed;Gravity.macro_tension_einstein_hilbert_interface_closed;Gravity.finite_gravity_witness_yields_einstein_hilbert_interface,LEAN_PROVED,CORE_BRIDGE_SPLIT,False,,vp_macro_einstein_interface.py,True,True,Finite witness yields symmetric divergence-free second-order TT-compatible macro interface; no continuum Einstein-Hilbert primitive is imported into core.
D0-TORAL-AUTOMORPHISM-GALOIS-BALANCE-001,BOOK_03/06/07/08,toral automorphism Galois dark-balance,core,formal_core,Lean-owned finite/formal D0 core statement.,D0.Dynamics.ToralAutomorphism;D0.Dynamics.GaloisConjugateBalance;D0.Dynamics.DarkSectorCoarseGrain,Dynamics.trace_evolution_unfolds_d0_geometry;Dynamics.det_T;Dynamics.det_T_pow;Dynamics.toral_volume_conservation_square;Dynamics.trace_T_pow_eq_signed_lucas;Dynamics.generationTrace_eq_three;Dynamics.abcdTrace_eq_four;Dynamics.memoryTorusTrace_eq_eleven;Dynamics.dark_sector_even_window_readout_zero,LEAN_PROVED,CORE-FORMALIZED,False,,vp_toral_automorphism_galois_balance.py,True,True,Fixed finite integer time matrix T yields signed Lucas trace layers 3/4/11 determinant-square volume balance and exact even-window archive sign cancellation without external-data input.
D0-TRACE-HEAT-CAPACITY-GRAVITY-001,BOOK_01/03/06/07/08,trace-heat-capacity gravity,bridge,formal_core,Core/bridge split row; the formal spine is proved while physical coherence remains an explicit package.,D0.Core.FixedDetectorTimeLadder;D0.Dynamics.TraceHeatCapacityGravity,Core.detector_fixed_under_time_ladder;Core.readout_depends_on_time_power;Core.active_archive_trace_readout_integer;Dynamics.heat_moment_T2_eq_even_lucas_trace;Dynamics.heat_moment_eq_even_lucas;Dynamics.lefschetz_spectrum_unfolds_scene;Dynamics.boundary_capacity_is_quarter_cut_weight;Dynamics.saturated_region_forces_boundary_encoding;Dynamics.black_hole_capacity_saturation_rule;Dynamics.heat_trace_entropy_gradient_admits_gravity_interface,LEAN_PROVED,CORE_BRIDGE_SPLIT,False,,vp_trace_heat_capacity_gravity.py,True,True,Fixed finite boundary trace-heat capacity block proves T^2 heat moments as even Lucas traces and saturation as boundary encoding while macro gravity stays bridge-scoped through the finite witness.
D0-MASTER-EVOLUTION-001,BOOK_00/01/03/06/07/08,master finite evolution theorem,core,formal_core,Lean-owned finite/formal D0 core statement.,D0.Dynamics.MasterEvolutionTheorem,Dynamics.T_squared_plus_T_minus_identity_eq_zero;Dynamics.det_T_pow_square_eq_one;Dynamics.lucas_heat_moment_bridge;Dynamics.detector_is_fixed_under_ladder;Dynamics.d0_phi_quasicrystal_vacuum_support;Dynamics.master_evolution_theorem,LEAN_PROVED,CORE-FORMALIZED,False,,vp_master_evolution_theorem.py,True,True,Single finite evolution package closes T quadratic identity signed Lucas traces Lefschetz scene counts determinant-square balance dark even-window cancellation heat-Lucas moments fixed detector ladder and phi-quasicrystal support without external data.
D0-INFORMATION-QUASICRYSTAL-PHASE-UNFOLDING-001,BOOK_00/01/06/07/08,information quasicrystal phase unfolding,core,formal_core,Lean-owned finite/formal D0 core statement.,D0.Geometry.HurwitzRigidPhaseGenerator;D0.Geometry.PhaseReturnBranchCount;D0.Geometry.PhaseUnfoldingQuasicrystal,Geometry.phi_phase_is_nonperiodic;Geometry.phi_continued_fraction_all_ones;Geometry.hurwitz_rigid_low_denominator_bound;Geometry.finite_return_modulus_unfolds_branches;Geometry.toral_runtime_supplies_quasicrystal_order;Geometry.quasicrystal_order_not_periodic_lattice,LEAN_PROVED,CORE-FORMALIZED,False,,vp_information_quasicrystal_phase_unfolding.py,True,True,Finite tick order plus irrational phi^-2 phase plus return quotients yields ordered aperiodic readout-generated branch geometry without a primitive lattice.
D0-CONDENSED-PHI-VACUUM-CUT-PROJECT-001,BOOK_00/01/02/06/08,condensed phi-vacuum cut-project support,core,formal_core,Lean-owned finite/formal D0 core statement.,D0.Condensed.CondensedPhiVacuum;D0.Physics.QuasicrystalPhenomenology,phi_vacuum_stage_card_eq_two;condensed_phi_vacuum_support_closed;cut_project_quasicrystal_matches_phase_unfolding;Physics.d0_phi_cut_project_matches_condensed_phi_vacuum,LEAN_PROVED,CORE-FORMALIZED,False,,vp_condensed_phi_vacuum_cut_project.py,True,True,Condensed/profinite phi-vacuum support exposes terminal qT=44 branch count 20 electroweak qEW=710 branch count 280 and depth 35 and the physics cut-project readout is tied to this support.
D0-QUASICRYSTAL-PHENOMENOLOGY-OPERATOR-ORIGIN-001,BOOK_00/01/02/04/06/07/08,quasicrystal phenomenology operator origin,core,formal_core,Lean-owned finite/formal D0 core statement.,D0.Physics.QuasiGenerationsInflation;D0.Physics.ArchivePhasonDarkMatter;D0.Physics.WindowOffsetChirality;D0.Physics.PhasonFlipInertia;D0.Physics.WindowFractionalCharge;D0.Physics.QuasicrystalPhenomenology,Physics.quasi_generation_inflation_orbit;Physics.archive_phason_strain_em_dark_metric_visible;Physics.window_offset_forces_chiral_readout;Physics.phason_flip_drag_positive_cost;Physics.fractional_charge_window_weights;Physics.quasicrystal_phenomenology_operator_origin,LEAN_PROVED,CORE-FORMALIZED,False,,vp_quasicrystal_phenomenology_operator_origin.py,True,True,One D0PhiCutProject finite cut-and-project owner yields generation inflation classes archive phason dark metric response window-offset chirality phason-flip rewrite inertia and fractional window-sector charge weights.
D0-QUASI008-PHASON-FLIP-ENTROPY-SDE-001,BOOK_07/08,phason flip entropy S_DE finite algebra,certificate,empirical_passport,Certificate-bounded row; valid only for declared finite inputs and negative controls.,,,PYTHON_CERTIFIED,CERT-CLOSED,False,,vp_phason_flip_entropy_sde.py,False,True,"Finite formal S_DE owner: archive pressure is phason-flip entropy osmosis and the finite transfer characteristic is 160 lambda^2 - 480 lambda + 359; external BAO/DESI survey comparison is a passport/certificate and not core. [Phase L honesty] Lean = EXTERNAL-GAP: K-theory / Connes spectral-triple / phason-holonomy class are not in Mathlib 4.30; the prior leanCoreProved theorem was a placeholder identity (stmt)(h):=h and was removed. Finite content stays cert-closed by the python_cert; the Lean structures-scaffold remains in the module for the Bridge index, not as a proof."
D0-QUASI006-GALOIS-LORENTZ-SIGNATURE-001,BOOK_06/07/08,galois lorentz signature,core,formal_core,Lean-owned finite/formal D0 core statement.,D0.Physics.GaloisLorentzSignature,Physics.galois_lorentz_signature_closed,LEAN_PROVED,CORE-FORMALIZED,False,,vp_galois_lorentz_signature.py,True,True,"Active/archive Galois trace layers and determinant-square balance are integrated with the terminal role signature (1,3) while Euclidean and split exports remain blocked."
D0-HIGGS-SCALAR-PROJECTOR-CONSTRUCTIVE-001,BOOK_04,constructive finite Higgs scalar projector,core,gauge_bridge,Gauge-sector statement; physical Yang-Mills interpretation remains bridge-scoped when assumptions appear.,D0.Matter.HiggsScalarProjectorConstructive,Matter.commutes_XZ_forces_scalar_matrix;Matter.nonzero_gauge_idempotent_eq_identity;Matter.rank1_scalar_projector_breaks_su2_gauge_compatibility;Matter.rank2_scalar_projector_exists;Matter.minimal_positive_scalar_projector_rank_two;Matter.minimal_positive_scalar_projector_unique;Matter.higgs_yukawa_core_promotion_valid,LEAN_PROVED,CORE-FORMALIZED,False,,vp_higgs_scalar_projector_constructive.py,True,True,Frozen rational SU2 doublet compatibility forces the unique nonzero idempotent scalar projector to be identity trace-rank two without external scalar constants.
D0-QUASI002-PHASON-STRAIN-GENERATIONS-BARYON-001,BOOK_02/04/05/08,phason strain generations and baryon S3,core,formal_core,Lean-owned finite/formal D0 core statement.,D0.Matter.PhasonStrainGenerations,Matter.phason_mode_card_eq_three;Matter.generation_phason_mode_card_eq_three;Matter.baryon_phason_triple_card_eq_27;Matter.baryon_phason_symmetric_sector_dim_eq_ten;Matter.phason_s3_symmetrizer_admits_baryon_decuplet_transfer;Matter.full_baryon_multiplet_requires_phason_s3_symmetrizer;Matter.phason_strain_generations_baryon_closure,LEAN_PROVED,CORE-FORMALIZED,False,,vp_quasi002_phason_strain_generations_baryon.py,True,True,Phason modes are the three torus-shell roles ordered baryon triples have dimension 27 the S3 symmetric sector has decuplet dimension 10 and nucleon-line extrapolation remains forbidden without the phason S3 symmetrizer.
D0-QUASI007-MESON-PHASON-DOMAIN-WALLS-001,BOOK_04/08,meson phason domain-wall carrier,certificate,formal_core,Certificate-bounded row; valid only for declared finite inputs and negative controls.,,,PYTHON_CERTIFIED,CERT-CLOSED,False,,vp_phason_domain_wall_mesons.py,False,True,"Meson domain walls are six oriented nonzero phason boundaries lifted by generation readout to an 18-state finite carrier while meson transfer still uses the existing Edge by Generation lifted flavour-defect origin. [Phase L honesty] Lean = EXTERNAL-GAP: K-theory / Connes spectral-triple / phason-holonomy class are not in Mathlib 4.30; the prior leanCoreProved theorem was a placeholder identity (stmt)(h):=h and was removed. Finite content stays cert-closed by the python_cert; the Lean structures-scaffold remains in the module for the Bridge index, not as a proof."
D0-ICECUBE-001,BOOK_04/05/08,neutrino phason decoherence passport,core,empirical_passport,Passport or empirical interface row; not a D0-core theorem without external data discipline.,D0.Matter.NeutrinoPhasonWaves;D0.Passport.IceCubePhasonDecoherence,Matter.neutrino_neutral_leakage_is_bulk_phason_wave;Matter.neutral_phason_wave_has_no_em_coupling;Matter.delta0_over_four_is_phason_birefringence_seed;Matter.phason_wave_decoherence_kernel_positive;Passport.icecube_decoherence_passport_requires_external_manifest;Passport.empty_icecube_manifest_cannot_run,LEAN_PROVED,EMPIRICAL-PASSPORT,False,,vp_neutrino_phason_decoherence_passport.py,True,True,Neutrino is a neutral bulk phason leakage mode internally; IceCube decoherence comparison is skipped until a complete external event energy direction response and hash manifest is supplied.
D0-NO-GO-STRESS-SUITE-001,BOOK_02/04/05/06/07,integrated no-go stress-test suite,no-go,formal_core,Boundary/no-go row; prevents promotion of this route.,D0.NoGo.StressTestSuite,NoGo.no_go_rank_one_higgs_scalar_projector;NoGo.no_go_isolated_phason_generation_carrier;NoGo.no_go_isolated_phason_baryon_s3_sector;NoGo.no_go_euclidean_signature_export;NoGo.no_go_stress_test_suite_closed,LEAN_PROVED,NO_GO_PROVED,False,,vp_no_go_stress_test_suite.py,True,True,Negative-control suite blocks rank-one Higgs scalar projectors isolated one-phason generation or baryon closure and Euclidean signature export.
D0-HULL-001,BOOK_00/01,D0 tiling hull,core,formal_core,Lean-owned finite/formal D0 core statement.,D0.Topology.TilingHull,Topology.d0_hull_has_finite_local_complexity;Topology.d0_hull_has_phi_cut_project_origin;Topology.d0_hull_is_nonperiodic;Topology.d0_hull_has_long_range_order;Topology.d0_hull_supports_gap_labeling,LEAN_PROVED,CORE-FORMALIZED,False,,vp_d0_tiling_hull.py,True,True,D0 tiling hull is aperiodic and repetitive with finite local complexity.
D0-KTHEORY-001,BOOK_00/01/02/04/05/06,K-theory and gap labeling,certificate,formal_core,Certificate-bounded row; valid only for declared finite inputs and negative controls.,,,PYTHON_CERTIFIED,CERT-CLOSED,False,,vp_gap_labeling_d0_tiling_hull.py,False,True,"Stable K-theory gap labels are countable and topological. [Phase L honesty] Lean = EXTERNAL-GAP: K-theory / Connes spectral-triple / phason-holonomy class are not in Mathlib 4.30; the prior leanCoreProved theorem was a placeholder identity (stmt)(h):=h and was removed. Finite content stays cert-closed by the python_cert; the Lean structures-scaffold remains in the module for the Bridge index, not as a proof."
D0-SOLENOID-001,BOOK_01/07,noncommutative solenoid,certificate,formal_core,Certificate-bounded row; valid only for declared finite inputs and negative controls.,,,PYTHON_CERTIFIED,CERT-CLOSED,False,,vp_noncommutative_solenoid_gravity.py,False,True,"Noncommutative solenoid model is admitted over the tiling hull. [Phase L honesty] Lean = EXTERNAL-GAP: K-theory / Connes spectral-triple / phason-holonomy class are not in Mathlib 4.30; the prior leanCoreProved theorem was a placeholder identity (stmt)(h):=h and was removed. Finite content stays cert-closed by the python_cert; the Lean structures-scaffold remains in the module for the Bridge index, not as a proof."
D0-SOLENOID-GRAVITY-001,BOOK_07,noncommutative solenoid gravity,certificate,spectral_action,Certificate-bounded row; valid only for declared finite inputs and negative controls.,,,PYTHON_CERTIFIED,CERT-CLOSED,False,,vp_noncommutative_solenoid_gravity.py,False,True,"Spectral triple heat trace and TT sector are compatible with noncommutative solenoid geometry. [Phase L honesty] Lean = EXTERNAL-GAP: K-theory / Connes spectral-triple / phason-holonomy class are not in Mathlib 4.30; the prior leanCoreProved theorem was a placeholder identity (stmt)(h):=h and was removed. Finite content stays cert-closed by the python_cert; the Lean structures-scaffold remains in the module for the Bridge index, not as a proof."
D0-MESON-K0-001,BOOK_04/08,meson domain wall spectrum gap labels,certificate,formal_core,Certificate-bounded row; valid only for declared finite inputs and negative controls.,,,PYTHON_CERTIFIED,CERT-CLOSED,False,,vp_phason_domain_wall_mesons.py,False,True,"Meson domain wall tension and spectrum admit stable K0 gap labels. [Phase L honesty] Lean = EXTERNAL-GAP: K-theory / Connes spectral-triple / phason-holonomy class are not in Mathlib 4.30; the prior leanCoreProved theorem was a placeholder identity (stmt)(h):=h and was removed. Finite content stays cert-closed by the python_cert; the Lean structures-scaffold remains in the module for the Bridge index, not as a proof."
D0-CKM-K0-001,BOOK_04/08,CKM phason holonomy K-class,certificate,formal_core,Certificate-bounded row; valid only for declared finite inputs and negative controls.,,,PYTHON_CERTIFIED,CERT-CLOSED,False,,vp_ckm_phason_holonomy_k0.py,False,True,"CKM holonomy has a stable K-theory class and CP phase is oriented noncommutative area. [Phase L honesty] Lean = EXTERNAL-GAP: K-theory / Connes spectral-triple / phason-holonomy class are not in Mathlib 4.30; the prior leanCoreProved theorem was a placeholder identity (stmt)(h):=h and was removed. Finite content stays cert-closed by the python_cert; the Lean structures-scaffold remains in the module for the Bridge index, not as a proof."
D0-SDE-K0-001,BOOK_08,S_DE gap labels,certificate,formal_core,Certificate-bounded row; valid only for declared finite inputs and negative controls.,,,PYTHON_CERTIFIED,CERT-CLOSED,False,,vp_phason_flip_entropy_sde.py,False,True,"S_DE relaxation modes are gap-labeled. [Phase L honesty] Lean = EXTERNAL-GAP: K-theory / Connes spectral-triple / phason-holonomy class are not in Mathlib 4.30; the prior leanCoreProved theorem was a placeholder identity (stmt)(h):=h and was removed. Finite content stays cert-closed by the python_cert; the Lean structures-scaffold remains in the module for the Bridge index, not as a proof."
D0-SRC-001,BOOK_04,nuclear shell-contact SRC operator,core,formal_core,Lean-owned finite/formal D0 core statement.,D0.Matter.NuclearShellContactSRC,Matter.same_shell_contact_index_zero_for_unmatched_valence_protons;Matter.same_shell_contact_turns_on_for_matched_valence_pn;Matter.src_contact_requires_shell_projector_overlap;Matter.nuclear_shell_contact_src_closure,LEAN_PROVED,CORE-FORMALIZED,False,,vp_nuclear_shell_contact_src.py,True,True,SRC contact is a finite shell-projector overlap readout through an angular-momentum shell-contact selector.
D0-SRC-NOGO-001,BOOK_04/05,nuclear SRC scalar no-go,no-go,formal_core,Boundary/no-go row; prevents promotion of this route.,D0.Matter.NuclearShellContactSRC,Matter.mass_number_alone_cannot_determine_src_contact;Matter.neutron_excess_alone_cannot_determine_src_contact,LEAN_PROVED,NO_GO_PROVED,False,,vp_nuclear_shell_contact_src.py,True,True,A-only and N/Z-only SRC scalar promotion fails on the finite Ca/Fe shell-contact witness.
D0-CVFT-001A,BOOK_00/01/02/03,finite feedback operator core,core,cosmology,Formal finite cosmology shape statement; not an observational cosmology fit without certificate/passport data.,D0.Dynamics.InternalFeedbackResolvent;D0.Cosmology.FeedbackPartitionFunction,Dynamics.internal_feedback_forced_by_split;Dynamics.internal_feedback_resolvent_series;Cosmology.feedback_determinant_return_cycles;Cosmology.feedback_variation_universal_source;Cosmology.feedback_pressure_trace_log,LEAN_PROVED,CORE-FORMALIZED,False,,vp_closed_vacuum_feedback_full_wave.py,True,True,Closed finite feedback operator core F_N=P_N U_N^dagger Q_N U_N P_N with resolvent determinant trace variation and feedback pressure law.
D0-CVFT-001B,BOOK_04/06/07/08,sector projection package,frontier,frontier,"Frontier/proof-target row; not a core closure, certificate pass or empirical passport.",,,OPEN,PROOF-TARGET,False,,,False,True,Sector projection package points to CVFT-F1 through CVFT-F8 and may not close matter gravity cosmology horizon gauge or empirical passport rows automatically.
D0-CVFT-NOGO-001,BOOK_05/08,closed vacuum feedback no-go firewall,no-go,cosmology,Boundary/no-go row; prevents promotion of this route.,D0.Dynamics.InternalFeedbackResolvent;D0.Cosmology.FiniteFeedbackEquationOfState;D0.Matter.TerminalFeedbackModes;D0.Cosmology.SDEFeedbackReduction,Dynamics.external_mirror_model_forbidden;Cosmology.ideal_gas_core_postulate_forbidden;Matter.matter_as_arbitrary_eigenvalue_forbidden;Cosmology.desi_root_refit_repair_forbidden;Cosmology.desi_window_refit_repair_forbidden;Cosmology.arbitrary_kernel_repair_not_theorem_grade,LEAN_PROVED,NO_GO_PROVED,False,,vp_closed_vacuum_feedback_full_wave.py,True,True,External mirror vacuum photon-acceleration interpretation ideal-gas postulate arbitrary-eigenvalue matter and DESI/SPARC root window or arbitrary-kernel repairs are forbidden.
D0-CVFT-F1,BOOK_02/04/08,CVFT coefficient-origin trace residue program,frontier,frontier,"Frontier/proof-target row; not a core closure, certificate pass or empirical passport.",,,OPEN,PROOF-TARGET,False,,,False,True,Residue/coefficient origin must be derived from the feedback resolvent trace program before any physical coefficient promotion. [was:PROOF-OBLIGATION-EXPOSED]
D0-CVFT-F2,BOOK_07/08,CVFT horizon greybody leakage program,frontier,frontier,"Frontier/proof-target row; not a core closure, certificate pass or empirical passport.",,,OPEN,PROOF-TARGET,False,,vp_horizon_emission_conjugate_feedback.py,False,True,Horizon emission and greybody leakage remain frontier until the boundary operator and observable passport are frozen. [was:THEOREM-TARGET-SHARPENED] [8C: linked passing cert]
D0-CVFT-F3,BOOK_04,CVFT hadron resonance pole transfer program,certificate,empirical_passport,Certificate-bounded row; valid only for declared finite inputs and negative controls.,,,OPEN,CERT-CLOSED,False,,vp_cvft_baryon_s3_scaffold.py,False,True,Finite carrier/symmetrizer scaffold is certified for 27D triple carrier S3 representation 10D symmetric carrier antisymmetric rank-one sector and U_eff^B admissibility; spin/flavour transfer PDG and masses remain open. [was:OPERATOR-SCAFFOLD-CERTIFIED]
D0-CVFT-F3B,BOOK_04,CVFT baryon spin-flavour 40/56 transfer,certificate,empirical_passport,Certificate-bounded row; valid only for declared finite inputs and negative controls.,,,OPEN,CERT-CLOSED,False,,vp_cvft_baryon_spin_flavour_40_56.py,False,True,Finite internal spin/flavour transfer certifies rank-40 fully symmetric separable sector rank-56 diagonal exchange-symmetric carrier and rank40 subset rank56; PDG names masses widths and GeV conversion remain excluded. [was:SPIN-FLAVOUR-TRANSFER-CERTIFIED]
D0-CVFT-F4,BOOK_02/05,CVFT UV feedback-tail cut program,certificate,formal_core,Certificate-bounded row; valid only for declared finite inputs and negative controls.,,,PYTHON_CERTIFIED,CERT-CLOSED,False,,vp_cvft_uv_feedback_tail_bound_refined.py;vp_cvft_ueff_pole_discipline.py,False,True,UV cutoff claims have deterministic finite cert candidates for the refined tail bound under |z|rho(F_N)<1; Lean proof remains open. [was:CERT-CANDIDATE] [8C: linked passing cert]
D0-CVFT-F5,BOOK_04/08,CVFT dynamic neutrino decoherence program,frontier,frontier,"Frontier/proof-target row; not a core closure, certificate pass or empirical passport.",,,OPEN,PROOF-TARGET,False,,,False,True,IceCube dynamic feedback is an external passport candidate until data manifest response and frozen operator are pinned. [was:EMPIRICAL-PASSPORT-CANDIDATE]
D0-CVFT-F6,BOOK_04/07,CVFT gauge-boundary leakage obstruction program,frontier,frontier,"Frontier/proof-target row; not a core closure, certificate pass or empirical passport.",,,OPEN,PROOF-TARGET,False,,vp_gauge_boundary_commutator_obstruction.py,False,True,Yang-Mills leakage/mass-gap language requires a gauge-boundary commutator obstruction theorem. [was:LOWER-BOUND-TARGET] [8C: linked passing cert]
D0-CVFT-F7,BOOK_07,CVFT boundary-local holographic rank lemma,certificate,formal_core,Certificate-bounded row; valid only for declared finite inputs and negative controls.,,,PYTHON_CERTIFIED,CERT-CLOSED,False,,vp_cvft_boundary_channel_rank.py;vp_cvft_refined_logdet_rank_bound.py,False,True,Boundary-local rank control has deterministic finite cert candidates; it supports localization only and is not an A4 proof. [was:CERT-CANDIDATE] [8C: linked passing cert]
D0-CVFT-F8,BOOK_08,CVFT S_DE exceptional-point effective transfer,frontier,frontier,"Frontier/proof-target row; not a core closure, certificate pass or empirical passport.",,,OPEN,PROOF-TARGET,False,,,False,True,S_DE exceptional-point algebra is an effective two-mode transfer candidate only; not DESI pass H0 theorem or cosmology closure. [was:CERT-CANDIDATE]
D0-IM-001,BOOK_06,self-substrate trace principle,certificate,formal_core,Certificate-bounded row; valid only for declared finite inputs and negative controls.,D0.IM.SelfSubstrateTrace,self_substrate_trace_principle_cert,PYTHON_CERTIFIED,CERT-CLOSED,False,,vp_self_substrate_trace_principle.py,False,True,IM substrate trace cert.
D0-IM-002,BOOK_06,fractal tick informational mechanics,certificate,formal_core,Certificate-bounded row; valid only for declared finite inputs and negative controls.,D0.IM.FractalTick,fractal_tick_cert,PYTHON_CERTIFIED,CERT-CLOSED,False,,vp_fractal_tick_informational_mechanics.py,False,True,Fractal tick cert.
D0-IM-003,BOOK_06,continuum from fractal tick,certificate,smooth_geometry,Certificate-bounded row; valid only for declared finite inputs and negative controls.,D0.IM.ContinuumFromFractalTick,continuum_from_fractal_tick_cert,PYTHON_CERTIFIED,CERT-CLOSED,False,,vp_continuum_from_fractal_tick.py,False,True,Continuum envelope cert.
D0-IM-004,BOOK_01/06,witness topological halting,certificate,formal_core,Certificate-bounded row; valid only for declared finite inputs and negative controls.,D0.Topology.WitnessHalting,witness_halting_cert,PYTHON_CERTIFIED,CERT-CLOSED,False,,vp_mobius_witness_topological_halting.py,False,True,Möbius witness halting cert.
D0-FOUND-004,BOOK_02,quadratic peel born holography,certificate,formal_core,Certificate-bounded row; valid only for declared finite inputs and negative controls.,D0.Foundation.QuadraticPeel,quadratic_peel_born_holography_cert,PYTHON_CERTIFIED,CERT-CLOSED,False,,vp_quadratic_peel_born_holography.py,False,True,Quadratic peel cert.
D0-GRAV-004,BOOK_07,measurement horizon equivalence,certificate,formal_core,Certificate-bounded row; valid only for declared finite inputs and negative controls.,D0.Gravity.MeasurementHorizonEquivalence,measurement_horizon_equivalence_cert,PYTHON_CERTIFIED,CERT-CLOSED,False,,vp_measurement_horizon_equivalence.py,False,True,Measurement seam / horizon law cert. [was:OPERATOR-LAW-CLOSED]
D0-GRAV-005,BOOK_07,optical jet backreaction,certificate,formal_core,Certificate-bounded row; valid only for declared finite inputs and negative controls.,D0.Gravity.OpticalJetBackreaction,optical_jet_backreaction_cert,PYTHON_CERTIFIED,CERT-CLOSED,False,,vp_optical_jet_backreaction.py,False,True,Optical jet backreaction law cert. [was:OPERATOR-LAW-CLOSED]
D0-IM-005,BOOK_01/02/06,fractal continuum witness halting,certificate,smooth_geometry,Certificate-bounded row; valid only for declared finite inputs and negative controls.,D0.IM.FractalContinuumAndWitnessHalting,fractal_continuum_witness_halting_corrected,PYTHON_CERTIFIED,CERT-CLOSED,False,,vp_continuum_from_fractal_tick.py,False,True,Corrected continuum/witness halting layer.
D0-GRAV-006,BOOK_07,horizon jet and baryon pole layer,certificate,formal_core,Certificate-bounded row; valid only for declared finite inputs and negative controls.,D0.Gravity.HorizonJetAndBaryonPole,horizon_jet_baryon_pole_layer_cert,PYTHON_CERTIFIED,CERT-CLOSED,False,,vp_horizon_jet_axis_observable.py,False,True,Horizon closed; jet + baryon image-basis certs present. [was:CERT-SCAFFOLD-CLOSED]
D0-EDGE-001,BOOK_04,edge alpha trace target,frontier,frontier,"Frontier/proof-target row; not a core closure, certificate pass or empirical passport.",D0.Edge.AlphaRamificationConstructive,edge_alpha_trace_target,OPEN,PROOF-TARGET,False,,,False,True,Guardrail target retained.
D0-EDGE-002,BOOK_04,torus ramification puiseux target,frontier,frontier,"Frontier/proof-target row; not a core closure, certificate pass or empirical passport.",D0.Edge.AlphaRamificationConstructive,torus_ramification_puiseux_target,OPEN,PROOF-TARGET,False,,,False,True,Guardrail target retained.
D0-EDGE-ALPHA-001,BOOK_04,edge alpha trace seam construction,certificate,formal_core,Certificate-bounded row; valid only for declared finite inputs and negative controls.,D0.Edge.AlphaRamificationConstructive,edge_alpha_trace_seam_cert,PYTHON_CERTIFIED,CERT-CLOSED,False,,vp_edge_alpha_trace_constructive.py,False,True,Unitary dilation edge alpha trace cert. [was:EDGE-ALPHA-TRACE-CERT-CLOSED]
D0-EDGE-RAMIFICATION-001,BOOK_04,torus ramification companion cover,certificate,formal_core,Certificate-bounded row; valid only for declared finite inputs and negative controls.,D0.Edge.RamificationFromUeEffCompanion,ramification_companion_cover_cert,PYTHON_CERTIFIED,CERT-CLOSED,False,,vp_ramification_edge_ueff_companion.py,False,True,Companion cover cert; physical-edge embedding remains scoped. [was:RAMIFICATION-COMPANION-COVER-CERT-CLOSED]
D0-BARYON-POLES-001,BOOK_04,baryon anonymous image poles,certificate,formal_core,Certificate-bounded row; valid only for declared finite inputs and negative controls.,D0.Matter.BaryonAnonymousPoleSet,baryon_anonymous_image_poles_cert,PYTHON_CERTIFIED,CERT-CLOSED,False,,vp_baryon_40_56_anonymous_poles.py,False,True,Image-basis compressed pole cert. [was:BARYON-ANONYMOUS-POLE-CERT-CLOSED]
D0-HORIZON-JET-001,BOOK_07,horizon jet observable,frontier,frontier,"Frontier/proof-target row; not a core closure, certificate pass or empirical passport.",D0.Gravity.HorizonJetAndBaryonPole,horizon_jet_observable_cert,PYTHON_CERTIFIED,PROOF-TARGET,False,,vp_horizon_jet_axis_observable.py,False,True,Finite observable cert; empirical jets passport. [was:HORIZON-JET-OBSERVABLE-CERT-SCAFFOLD]
D0-IM-PRED-001,BOOK_06/08,fractal continuum predictions,certificate,smooth_geometry,Certificate-bounded row; valid only for declared finite inputs and negative controls.,D0.IM.FractalContinuumPredictions,fractal_continuum_predictions_cert,PYTHON_CERTIFIED,CERT-CLOSED,False,,vp_fractal_continuum_predictions.py,False,True,Absolute/relative sign corrected. [was:FRACTAL-CONTINUUM-PREDICTION-CERT-CLOSED]
D0-IM-COSMO-001,BOOK_08,relative archive acceleration,certificate,cosmology,Certificate-bounded row; valid only for declared finite inputs and negative controls.,D0.IM.RelativeArchiveAcceleration,relative_archive_acceleration_positive_second_difference,PYTHON_CERTIFIED,CERT-CLOSED,False,,vp_relative_archive_acceleration_cosmology_bridge.py,False,True,Internal relative acceleration; no survey fit. [was:RELATIVE-ARCHIVE-ACCELERATION-CERT-CLOSED]
D0-IM-COSMO-002,BOOK_08,relative pressure bridge law,certificate,cosmology,Certificate-bounded row; valid only for declared finite inputs and negative controls.,D0.IM.ArchivePressureCoupling,relative_pressure_bridge_law,PYTHON_CERTIFIED,CERT-CLOSED,False,,vp_archive_pressure_coupling_from_relative_acceleration.py,False,True,Weak bridge; strong log-det is primary. [was:RELATIVE-PRESSURE-BRIDGE-LAW-CERT-CLOSED]
D0-IM-COSMO-003,BOOK_08,strong logdet pressure coupling,certificate,cosmology,Certificate-bounded row; valid only for declared finite inputs and negative controls.,D0.IM.StrongLogdetPressure,strong_logdet_pressure_coupling,PYTHON_CERTIFIED,CERT-CLOSED,False,,vp_strong_logdet_pressure_coupling.py,False,True,Correct r(V) derivative. [was:LOGDET-PRESSURE-COUPLING-CERT-CLOSED]
D0-IM-COSMO-004,BOOK_08,logdet second response and stability,certificate,cosmology,Certificate-bounded row; valid only for declared finite inputs and negative controls.,D0.IM.LogdetSecondResponse,logdet_second_response_stability_sign_corrected,PYTHON_CERTIFIED,CERT-CLOSED,False,,vp_logdet_second_response_and_stability.py,False,True,L bounded; Lp->0; Lpp<0 safe domain. [was:LOGDET-SECOND-RESPONSE-STABILITY-CERT-CLOSED]
D0-PUB-001,PUBLICATION,release monograph structure,frontier,frontier,"Frontier/proof-target row; not a core closure, certificate pass or empirical passport.",D0.Publication.MonographStructure,release_monograph_structure_audit,OPEN,PROOF-TARGET,False,,,False,True,Audit-only publication structure. [publication-structure meta; deferred; was:PUBLICATION-MONOGRAPH-STRUCTURE]
D0-QUANT-MET-001,METROLOGY,quantum metrology limits,certificate,formal_core,Certificate-bounded row; valid only for declared finite inputs and negative controls.,D0.Metrology.QuantumLimits,quantum_metrology_limits,PYTHON_CERTIFIED,CERT-CLOSED,False,,vp_quantum_metrology_limits.py,False,True,PSD purification inequality (lemma) + conditional φ^{-2} flux + Bragg spectrum targets. [was:OPERATOR-LEMMA-CERT]
D0-QUANT-MET-002,METROLOGY,psd purification inequality,certificate,formal_core,Certificate-bounded row; valid only for declared finite inputs and negative controls.,D0.Metrology.PSDPurification,psd_purification_inequality,PYTHON_CERTIFIED,CERT-CLOSED,False,,vp_quantum_metrology_limits.py,False,True,Admitted operator lemma F_lab ≽ Π F_N Π. [was:OPERATOR-LEMMA-CERT]
D0-QUANT-MET-003,METROLOGY,phi-2 purification flux target,frontier,frontier,"Frontier/proof-target row; not a core closure, certificate pass or empirical passport.",D0.Metrology.Phi2Flux,phi2_purification_flux_target,OPEN,PROOF-TARGET,False,,,False,True,φ^{-2} flux is sector hypothesis / prediction target. [was:CONDITIONAL-THEOREM-TARGET]
D0-QUANT-MET-004,METROLOGY,phason bragg line spectrum target,frontier,frontier,"Frontier/proof-target row; not a core closure, certificate pass or empirical passport.",D0.Metrology.PhasonBragg,phason_bragg_line_spectrum_target,OPEN,PROOF-TARGET,False,,,False,True,Analog residual Bragg frequencies f_m = m φ^{-2} mod 1 as metrology target. [was:METROLOGY-PREDICTION-TARGET]
D0-XI5-TORUS-DEFECT-001,BOOK_03/06,torus address integerization defect,core,formal_core,Lean-owned finite/formal D0 core statement.,D0.Claims.Xi5TorusDefect,xi5_torus_defect,LEAN_PROVED,CORE-FORMALIZED,False,,vp_xi5_torus_defect.py,True,True,"xi5=phi^-5 torus-address defect: phi^5=11+phi^-5, L5=11, Tr(T^5)=-11; exact Z[phi]. Lean L5 CORE-FORMALIZED via D0.Claims.Xi5TorusDefect (xi5_torus_defect, native_decide; reuses D0.Dynamics.ToralAutomorphism trace_T_pow_eq_signed_lucas). alpha-row stays CHK."
D0-VIETA-GALOIS-ABCD-001,BOOK_01/02,ABCD as Vieta/Galois data,core,formal_core,Lean-owned finite/formal D0 core statement.,D0.Claims.VietaGaloisAbcd,vieta_galois_abcd,LEAN_PROVED,CORE-FORMALIZED,False,,vp_vieta_galois_abcd.py,True,True,ABCD = Vieta=Galois data of x^2-x-1; delta0=1/(2phi^3) forced; exact Q(phi). Lean L4 queued. Lean L5 CORE-FORMALIZED via D0.Claims.VietaGaloisAbcd (vieta_galois_abcd); native_decide/decide on the real finite content.
D0-KERNEL-ZONE-SPLIT-001,BOOK_01/04,archive kernel zone split,core,formal_core,Lean-owned finite/formal D0 core statement.,D0.Claims.KernelZoneSplit,kernel_zone_split,LEAN_PROVED,CORE-FORMALIZED,False,,vp_kernel_zone_split.py,True,True,"ker(adj K(9,11,13))=30=8+10+12; rank 3 = space; exact integer LA. Lean L4 queued. Lean L5 CORE-FORMALIZED via D0.Claims.KernelZoneSplit (kernel_zone_split); native_decide/decide on the real finite content."
D0-DIM-LADDER-COMPACT-001,BOOK_06,dimension ladder compactification,core,formal_core,Lean-owned finite/formal D0 core statement.,D0.Claims.DimLadderCompact,dim_ladder_compact_cert,LEAN_PROVED,CORE-FORMALIZED,False,,vp_dim_ladder_compact.py,True,True,Q(D)=phi^(D-4); quantum=1 at D=4=|ABCD|; Q(1)=phi^-3=2delta0; exact Q(phi). Lean L4 queued. Lean L5 CORE-FORMALIZED via D0.Claims.DimLadderCompact (dim_ladder_compact_cert); native_decide/decide on the real finite content.
D0-BH-CAPACITY-A4-001,BOOK_07,finite black-hole A/4 capacity witness,certificate,formal_core,Certificate-bounded row; valid only for declared finite inputs and negative controls.,,,PYTHON_CERTIFIED,CERT-CLOSED,False,,vp_black_hole_capacity_a4_witness.py,False,True,[8C orphan-harvest] ABCD four-role denominator boundary-cell count -> A/4 entropy witness.
D0-HODGE-001,BOOK_07,finite Hodge complex core,certificate,formal_core,Certificate-bounded row; valid only for declared finite inputs and negative controls.,,,PYTHON_CERTIFIED,CERT-CLOSED,False,,vp_finite_hodge_complex_core.py,False,True,[8C orphan-harvest] finite cochain complex d.d=0 + finite Hodge Laplacian.
D0-MINCUT-001,BOOK_07,finite min-cut holographic entropy,certificate,formal_core,Certificate-bounded row; valid only for declared finite inputs and negative controls.,,,PYTHON_CERTIFIED,CERT-CLOSED,False,,vp_finite_mincut_holographic_entropy.py,False,True,[8C orphan-harvest] Ford-Fulkerson max-flow/min-cut = A/4-normalized boundary capacity.
D0-SPIN2-001,BOOK_07,concrete finite spin-2 TT wave operator,certificate,formal_core,Certificate-bounded row; valid only for declared finite inputs and negative controls.,,,PYTHON_CERTIFIED,CERT-CLOSED,False,,vp_finite_spin2_wave_operator_concrete.py,False,True,[8C orphan-harvest] TT projector on full 10-dim Sym(4) basis; 2 polarizations.
D0-SPECTRAL-EINSTEIN-001,BOOK_07/08,finite A2 Einstein-tensor response,certificate,spectral_action,Certificate-bounded row; valid only for declared finite inputs and negative controls.,,,PYTHON_CERTIFIED,CERT-CLOSED,False,,vp_spectral_action_einstein_tensor_response.py,False,True,[8C orphan-harvest] finite spectral-action A2 response.
D0-NOAXION-001,BOOK_05/08,finite cochain no-axion block,certificate,formal_core,Certificate-bounded row; valid only for declared finite inputs and negative controls.,,,PYTHON_CERTIFIED,CERT-CLOSED,False,,vp_no_axion_finite_cochain.py,False,True,[8C orphan-harvest] finite topological density + exact/coexact cancellation; no axion zero-mode.
D0-NONABELIAN-SEAM-001,BOOK_08,non-abelian seam obstruction gap,certificate,formal_core,Certificate-bounded row; valid only for declared finite inputs and negative controls.,,,PYTHON_CERTIFIED,CERT-CLOSED,False,,vp_nonabelian_seam_gap.py,False,True,[8C orphan-harvest] finite positive gap outside the commuting kernel.
D0-HODGE-LINKS-001,BOOK_04/07,Hodge matter-gravity archive links,certificate,formal_core,Certificate-bounded row; valid only for declared finite inputs and negative controls.,,,PYTHON_CERTIFIED,CERT-CLOSED,False,,vp_hodge_matter_gravity_archive_links.py,False,True,"[8C orphan-harvest] matter on C1, TT gravity on symmetric C1, shared finite cochain carrier."
D0-MASTER-BOOTSTRAP-001,BOOK_08,master bootstrap + discrete volume derivative,certificate,formal_core,Certificate-bounded row; valid only for declared finite inputs and negative controls.,,,PYTHON_CERTIFIED,CERT-CLOSED,False,,vp_master_bootstrap_and_volume_derivative.py,False,True,[8C orphan-harvest] V_N=rank(P_N); Z_N=Tr e^{-bD} det(I-zF)^-1; finite pressure split.
D0-MESON-DEFECT-ALGEBRA-001,BOOK_04,meson typed edge-generation defect transfer algebra,certificate,formal_core,Certificate-bounded row; valid only for declared finite inputs and negative controls.,,,PYTHON_CERTIFIED,CERT-CLOSED,False,,vp_meson_defect_transfer_algebra.py,False,True,[8C orphan-harvest] Fin E x Fin Gen carrier; self-adjoint PSD flavour defect.
D0-HIGGS-YUKAWA-001,BOOK_04,Higgs/Yukawa finite block section transfer,certificate,formal_core,Certificate-bounded row; valid only for declared finite inputs and negative controls.,,,PYTHON_CERTIFIED,CERT-CLOSED,False,,vp_higgs_yukawa_section_transfer.py,False,True,[8C orphan-harvest] Y compatible with rank-2 scalar projector; Hermitian; single action section.
D0-CANONICAL-OP-001,BOOK_04,canonical generation operator search,certificate,formal_core,Certificate-bounded row; valid only for declared finite inputs and negative controls.,,,PYTHON_CERTIFIED,CERT-CLOSED,False,,vp_canonical_operator_search.py,False,True,[8C orphan-harvest] tripartite-Laplacian canonical generation operator selection.
D0-CKM-EXACT-001,BOOK_04,exact CKM-origin orientation matrix,certificate,formal_core,Certificate-bounded row; valid only for declared finite inputs and negative controls.,,,PYTHON_CERTIFIED,CERT-CLOSED,False,,vp_ckm_exact_matrix_certificate.py,False,True,[8C orphan-harvest] exact integer cyclic-shift orientation; doubly-stochastic permutation witness.
D0-LEPTON-002,BOOK_04,frozen charged-lepton transfer table,certificate,formal_core,Certificate-bounded row; valid only for declared finite inputs and negative controls.,,,PYTHON_CERTIFIED,CERT-CLOSED,False,,vp_charged_lepton_transfer_certificate.py,False,True,"[8C orphan-harvest] frozen e/mu/tau ratios, exponents 0,1/4,1/3."
D0-NEUTRON-002,BOOK_04,neutron lifetime beta/archive unlock-rate closure,certificate,formal_core,Certificate-bounded row; valid only for declared finite inputs and negative controls.,,,PYTHON_CERTIFIED,CERT-CLOSED,False,,vp_neutron_lifetime_rate_closure.py,False,True,"[8C orphan-harvest] downstream of closed lambda_p, lambda_n, Lambda_act, tau0, delta0; no measured lifetime input."
D0-PROTON-001,BOOK_04,proton terminal-destructive readout,certificate,formal_core,Certificate-bounded row; valid only for declared finite inputs and negative controls.,,,PYTHON_CERTIFIED,CERT-CLOSED,False,,vp_proton_terminal_destructive_readout.py,False,True,[8C orphan-harvest] readout-306 terminal formula; 938 MeV is benchmark not input.
D0-GRAV-002,BOOK_07,single-section gravity completion (G_N),certificate,formal_core,Certificate-bounded row; valid only for declared finite inputs and negative controls.,,,PYTHON_CERTIFIED,CERT-CLOSED,False,,vp_single_section_gravity_completion.py,False,True,"[8C orphan-harvest] ell_P, G_N from delta0, Omega8, phi^(V9.V11); CODATA G is benchmark."
D0-EW-002,BOOK_04,Higgs anchor projector (39-dim),certificate,formal_core,Certificate-bounded row; valid only for declared finite inputs and negative controls.,,,PYTHON_CERTIFIED,CERT-CLOSED,False,,vp_higgs_anchor_projector.py,False,True,[8C orphan-harvest] Pi_H identity on scalar anchor image; rank.V13=39; delta0-normalized defect.
D0-FTHEORY-001,BOOK_04,Lin-Weigand 2016 F-theory D0 vacuum filter,certificate,gauge_bridge,Certificate-bounded row; valid only for declared finite inputs and negative controls.,,,PYTHON_CERTIFIED,CERT-CLOSED,False,,vp_ftheory_lw2016_d0_filter.py,False,True,"[8C orphan-harvest] structural filter: dim, gauge rank, 3-generation chiral count, light exotics, terminal shell."
D0-FTHEORY-002,BOOK_04,LW2016 chiral-index recombination layer,certificate,formal_core,Certificate-bounded row; valid only for declared finite inputs and negative controls.,,,PYTHON_CERTIFIED,CERT-CLOSED,False,,vp_ftheory_lw2016_chiral_recombination_layer.py,False,True,[8C orphan-harvest] published chi_R ledger recombines to absolute 3-generation SM multiplets.
D0-BARYON-S3-SYM-001,BOOK_04,finite S3 tensor symmetrizer (decuplet),certificate,formal_core,Certificate-bounded row; valid only for declared finite inputs and negative controls.,,,PYTHON_CERTIFIED,CERT-CLOSED,False,,vp_baryon_s3_tensor_symmetrizer.py,False,True,[8C orphan-harvest] S3 symmetrizer on 27 ordered triples -> decuplet-10 symmetric carrier.
D0-BOOK04-SELECTORS-001,BOOK_04,centered full-support selector closures,certificate,formal_core,Certificate-bounded row; valid only for declared finite inputs and negative controls.,,,PYTHON_CERTIFIED,CERT-CLOSED,False,,vp_book04_centered_full_support_selectors.py,False,True,[8C orphan-harvest] selectors over full support 0..2R; zero iff support-symmetry; no inserted indicator.
D0-BOOK04-SELECTORS-002,BOOK_04,combinatorial selector origins,certificate,formal_core,Certificate-bounded row; valid only for declared finite inputs and negative controls.,,,PYTHON_CERTIFIED,CERT-CLOSED,False,,vp_book04_combinatorial_selector_origins.py,False,True,"[8C orphan-harvest] support radii from upstream D0 formulas (35, 306, 19); no fitted targets."
D0-HEAT-TRACE-FIT-001,BOOK_07/08,archive heat-trace expansion fit,certificate,formal_core,Certificate-bounded row; valid only for declared finite inputs and negative controls.,,,PYTHON_CERTIFIED,CERT-CLOSED,False,,vp_archive_heat_trace_expansion_fit.py,False,True,[8C orphan-harvest] Theta(u) ~ u^-2(a0+a1 u+a2 u^2) on the archive Laplacian; finite-object fit.
D0-METRO-002,METROLOGY,calibration DAG and Lambda action-section rigidity,certificate,formal_core,Certificate-bounded row; valid only for declared finite inputs and negative controls.,,,PYTHON_CERTIFIED,CERT-CLOSED,False,,vp_calibration_dag_and_lambda_section_rigidity_20260522.py,False,True,[8C orphan-harvest] parameter-free Lambda_act/tau0/ell0 rigidity certificate.
D0-COSMO-003,BOOK_08,boundary-dark survey-driver kernel,certificate,cosmology,Certificate-bounded row; valid only for declared finite inputs and negative controls.,,,PYTHON_CERTIFIED,CERT-CLOSED,False,,vp_boundary_dark_survey_driver_kernel.py,False,True,[8C orphan-harvest] parameter-free internal dark object as additive optical-depth kernel; catalogue is external readout.
D0-COSMO-002,BOOK_08,survey likelihood + baryon form-factor closure,certificate,cosmology,Certificate-bounded row; valid only for declared finite inputs and negative controls.,,,PYTHON_CERTIFIED,EMPIRICAL-PASSPORT,False,,vp_final_survey_likelihood_and_baryon_form_factor_closure_20260522.py,False,True,[8C orphan-harvest] external-survey A_s + baryon form-factor comparison.
D0-DUSTY-PLASMA-001,BOOK_07,dusty-plasma tabletop bridge,certificate,empirical_passport,Certificate-bounded row; valid only for declared finite inputs and negative controls.,,,PYTHON_CERTIFIED,EMPIRICAL-PASSPORT,False,,vp_dusty_plasma_d0_mapping.py,False,True,[8C orphan-harvest] self-declared TABLETOP-PASSPORT-SEED; forbids core promotion.
D0-CRITICAL-COLLAPSE-001,BOOK_07,critical-collapse DSS echo-lattice bridge,certificate,empirical_passport,Certificate-bounded row; valid only for declared finite inputs and negative controls.,,,PYTHON_CERTIFIED,EMPIRICAL-PASSPORT,False,,vp_critical_collapse_dss_echo_lattice.py,False,True,[8C orphan-harvest] pins external arXiv:2601.14358 DSS solutions via hash manifest.
D0-PASSPORT-CORE13-001,BOOK_04,Core-13 shell geometry passport,certificate,empirical_passport,Certificate-bounded row; valid only for declared finite inputs and negative controls.,,,PYTHON_CERTIFIED,EMPIRICAL-PASSPORT,False,,vp_core13_shell_geometry_passport.py,False,True,[8C orphan-harvest] pinned PDG mass-width diagnostic; no core promotion.
D0-PASSPORT-DESI-BAO-001,BOOK_08,DESI BAO S_DE failure diagnostics,certificate,empirical_passport,Certificate-bounded row; valid only for declared finite inputs and negative controls.,,,PYTHON_CERTIFIED,EMPIRICAL-PASSPORT,False,,vp_desi_bao_sde_failure_diagnostics.py,False,True,"[8C orphan-harvest] honest negative survey diagnostic (FAIL on real data, no refit)."
D0-PASSPORT-ICECUBE-HESE-001,BOOK_04/08,IceCube HESE baseline comparison,certificate,empirical_passport,Certificate-bounded row; valid only for declared finite inputs and negative controls.,,,PYTHON_CERTIFIED,EMPIRICAL-PASSPORT,False,,vp_icecube_hese_baseline_comparison.py,False,True,[8C orphan-harvest] external neutrino-survey baseline comparison.
D0-PASSPORT-LIGO-CATALOG-001,BOOK_07,GWOSC/LIGO merger mass-defect catalog,certificate,empirical_passport,Certificate-bounded row; valid only for declared finite inputs and negative controls.,,,PYTHON_CERTIFIED,EMPIRICAL-PASSPORT,False,,vp_ligo_merger_mass_defect_current_catalog.py,False,True,[8C orphan-harvest] external GWOSC catalog passport.
D0-PASSPORT-PDG-STRICT-001,BOOK_04/05,PDG strict passport,certificate,empirical_passport,Certificate-bounded row; valid only for declared finite inputs and negative controls.,,,PYTHON_CERTIFIED,EMPIRICAL-PASSPORT,False,,vp_pdg_strict_passport.py,False,True,[8C orphan-harvest] PDG comparison engine with pinning/holdout/multiple-testing; no operator tuning.
D0-PASSPORT-SPARC-001,BOOK_07/08,SPARC hull-boundary response kernel,certificate,empirical_passport,Certificate-bounded row; valid only for declared finite inputs and negative controls.,,,PYTHON_CERTIFIED,EMPIRICAL-PASSPORT,False,,vp_sparc_hull_boundary_response_kernel.py,False,True,[8C orphan-harvest] SPARC rotation-curve external-data passport.
D0-NOGO-LIGO-DISCOVERY-001,BOOK_07,LIGO discovery negative-control,no-go,formal_core,Boundary/no-go row; prevents promotion of this route.,,,PYTHON_CERTIFIED,NO-GO,False,,vp_ligo_discovery_negative_control.py,False,True,[8C orphan-harvest] freezes V3-V12 negative discovery scans; blocks proxy promotion.
D0-Q8-DEDEKIND-MINIMALITY-001,BOOK_01,Omega8 = Q8 forced,core,formal_core,Lean-owned finite/formal D0 core statement.,D0.Claims.Q8DedekindMinimality,q8_dedekind_minimality,LEAN_PROVED,CORE-FORMALIZED,False,,vp_q8_dedekind_minimality.py,True,True,"[8D Tier-1 forced] unique minimal Hamiltonian non-abelian group <=8 (Dedekind 1897); [Q8,Q8]=Z=Phi={+-1}. Lean L4 queued. Lean L5 CORE-FORMALIZED via D0.Claims.Q8DedekindMinimality (q8_dedekind_minimality); native_decide/decide on the real finite content."
D0-WINDOW44-GROUP-SPECTRUM-001,BOOK_01/04,(Z/44)* window spectrum,core,formal_core,Lean-owned finite/formal D0 core statement.,D0.Claims.Window44GroupSpectrum,window44_group_spectrum,LEAN_PROVED,CORE-FORMALIZED,False,,vp_window44_group_spectrum.py,True,True,"[8D Tier-1 forced] (Z/44)*=Z2xZ2xZ5, |.|=20=d13, char subgroups {1,4,5,20}, 20=4x5. Lean L4 queued. Lean L5 CORE-FORMALIZED via D0.Claims.Window44GroupSpectrum (window44_group_spectrum); native_decide/decide on the real finite content."
D0-TIME-2D-PISOT-001,BOOK_06,time = T^2 (Pisot),core,smooth_geometry,Finite/symbolic smooth-geometry proxy; continuum covariance requires declared bridge assumptions.,D0.Claims.Time2DPisot,time_2d_pisot,LEAN_PROVED,CORE-FORMALIZED,False,,vp_time_2d_pisot.py,True,True,[8D Tier-1 forced] phi Pisot => deg Q(phi)=2 => time layer T^2; Adler-Weiss smooth partition. Lean L4 queued. Lean L5 CORE-FORMALIZED via D0.Claims.Time2DPisot (time_2d_pisot); native_decide/decide on the real finite content.
D0-MIXING-HIERARCHY-INVERSION-001,BOOK_04,CKM<->PMNS hierarchy inversion,core,formal_core,Lean-owned finite/formal D0 core statement.,D0.Claims.MixingHierarchyInversion,mixing_hierarchy_inversion,LEAN_PROVED,CORE-FORMALIZED,False,,vp_mixing_hierarchy_inversion.py,True,True,[8D Tier-1 forced] rank-3 nondegenerate (CKM small) vs nullity-30 degenerate (PMNS large); cubic lambda^3-359lambda-2574. Lean L4 queued. Lean L5 CORE-FORMALIZED via D0.Claims.MixingHierarchyInversion (mixing_hierarchy_inversion); native_decide/decide on the real finite content.
D0-SIGNATURE-31-SPLIT-001,BOOK_06/07,"Lorentz signature (3,1)",core,formal_core,Lean-owned finite/formal D0 core statement.,D0.Claims.Signature31Split,signature_31_split,LEAN_PROVED,CORE-FORMALIZED,False,,vp_signature_31_split.py,True,True,[8D Tier-1 forced] 3=rank(adj) space + 1 Pisot modular flow time; distinct objects. Lean L4 queued. Lean L5 CORE-FORMALIZED via D0.Claims.Signature31Split (signature_31_split); native_decide/decide on the real finite content.
D0-ALPHA-ZETA-RESIDUE-001,BOOK_03,spectral zeta residue route (THE 15.4.2),certificate,formal_core,Certificate-bounded row; valid only for declared finite inputs and negative controls.,D0.Spectral.ZetaResidueAlpha,zeta_residue_alpha_finite,LEAN_PROVED,CERT-CLOSED,False,,vp_zeta_residue_alpha.py,True,True,"zeta_D(s)=Tr|D|^-s defined on K(9,11,13) (was ABSENT in v14, golden-0169). Finite spectral moments closed by cert: zeta_E(-1)=359*phi^-2-phi^-5=alpha_top^-1=137.03563, zeta_E(0)=359=|E|, zeta_adj(0)=3=rank; one zeta carries alpha+capacity. phi^-5 seam=xi5 (D0-XI5, proved). HONEST: finite scene has no dimension pole so alpha is the s=-1 MOMENT not a residue; full residue-at-pole (GOLDEN THE 15.4.2) needs profinite limit -> theorem-target. alpha is structural form (~3.7e-4 residual vs 1.5e-10 exp), NOT a precision prediction; Delta_alpha (top-vs-alg ~4e-4) is DISTINCT from phi^-5, analytic 2nd-order owner remains theorem-target."
D0-Z2-SPINOR-COVER-001,BOOK_02/03,one Z2 seven incarnations (02.34) + address +2 (03.23.6),core,formal_core,Lean-owned finite/formal D0 core statement.,D0.Synthesis.Z2SpinorCover,z2_spinor_cover,LEAN_PROVED,CORE-FORMALIZED,False,,vp_z2_spinor_cover.py,True,True,"[Root B synthesis] One Z2=Z(Q8), seven incarnations unified machine-checked. Cert vp_z2_spinor_cover.py (exact Z[sqrt5]+Q8 table): [Q8,Q8]=Z(Q8)=Phi(Q8)={+-1} |Z|=2 (#3); Galois phi+psi=1 phi*psi=-1 g(x)=1-x involution (#1); Lucas L_n=phi^n+psi^n eps_n=phi^n-L_n=-psi^n chi(n)=(-1)^n (#2); det(T^n)=(-1)^n=chi(n) (#5,#6); 2-sheet+rank-doubling (#4,#7). JOINT A: signedLucasTrace n=det(T^n)*L_n and det T=-1=phi*psi (parity=det=Galois-norm). JOINT B: det(T^{n+2})=det(T^n) (+2 fixes sheet), det(T^{n+1})=-det(T^n) (+1 flips, banned by M1). Lean L5 CORE-FORMALIZED via D0.Synthesis.Z2SpinorCover (z2_spinor_cover), >=4/7 projections sorry-free. HONEST: cert verifies cover ALGEBRA; the M1-uniqueness of orientation=Gal(Q(sqrt5)/Q) stays GOLDEN forcing prose. Note: BOOK_02 02.34 prose sign typo eps_n=L_n-phi^n corrected to phi^n-L_n=-psi^n (matches 03.23.6)."
D0-TIME-MODULAR-FLOW-001,BOOK_01,quasicrystal = symbolic time (01.19a),certificate,formal_core,Certificate-bounded row; valid only for declared finite inputs and negative controls.,,,PYTHON_CERTIFIED,CERT-CLOSED,False,,vp_quasicrystal_time_sturmian.py,False,True,"[Root B synthesis bonus] Quasicrystal carrier = symbolic dynamics of the golden foliation of the time torus. Cert vp_quasicrystal_time_sturmian.py UPGRADES the prose-only 40-symbol check to EXACT executable: cut-and-project word slope phi^-2 = Fibonacci substitution word a->ab,b->a to N=4000 (exact isqrt floors floor(k phi)=(k+isqrt(5k^2))//2), rare-letter freq=phi^-2, aperiodic, rational-slope negative control. Arrow=Pisot |psi|=phi^-1<1 reuses D0-TIME-2D-PISOT-001 (proved). HONEST: proves EXACT SYMBOLIC coincidence only; full topological conjugacy (phi^-2 rotation = foliation return map; Morse-Hedlund/Vershik) needs ergodic machinery not in Mathlib -> theorem-target; arrow interpretation rests on Adler-Weiss external citation."
