claim_id,book,domain,type,release_status,claim_class,uses_bridge_assumptions,python_cert,lean_status,allowed_publication_verb,publication_boundary,notes
D0-LEAN-CORE-001,Lean formalization,formal_core,core,CORE-FORMALIZED,STATUS-CHECK-REQUIRED,False,,LEAN_PROVED,describe only after status audit,Lean-owned finite/formal D0 core statement.,Release-candidate core status backed by build and CI.
D0-LEAN-BRIDGE-001,Lean formalization,rg,bridge,BRIDGE-ASSUMPTIONS-EXPLICIT,LAB-BRIDGE / EMPIRICAL-PASSPORT,True,,LEAN_PROVED_WITH_BRIDGE_ASSUMPTIONS,models / bridges / motivates / tests; never proves core physics,Conditional bridge row; not a D0-core closure without listed assumptions.,Bridge assumptions isolated from core.
D0-FOUND-001,BOOK_01/02,formal_core,core,CORE-FORMALIZED,STATUS-CHECK-REQUIRED,False,,LEAN_PROVED,describe only after status audit,Lean-owned finite/formal D0 core statement.,Exact p+p^2=1 positive root uniqueness.
D0-PHI-HURWITZ-001,BOOK_01/02,formal_core,core,CORE-FORMALIZED,STATUS-CHECK-REQUIRED,False,,LEAN_PROVED,describe only after status audit,Lean-owned finite/formal D0 core statement.,D0 admissible period-one quadratic phase class proved; full global Lagrange spectrum remains external mathematical background.
D0-ABCD-001,BOOK_01,formal_core,core,CORE-FORMALIZED,STATUS-CHECK-REQUIRED,False,,LEAN_PROVED,describe only after status audit,Lean-owned finite/formal D0 core statement.,ABCD represented as Dyad x Dyad.
D0-OMEGA8-001,BOOK_01,formal_core,core,CORE-FORMALIZED,STATUS-CHECK-REQUIRED,False,,LEAN_PROVED,describe only after status audit,Lean-owned finite/formal D0 core statement.,Omega8 represented as Role x Bool.
D0-CAPACITY-V9-001,BOOK_01/02,formal_core,core,CORE-FORMALIZED,STATUS-CHECK-REQUIRED,False,,LEAN_PROVED,describe only after status audit,Lean-owned finite/formal D0 core statement.,V9 exact cardinality.
D0-CAPACITY-V11-001,BOOK_01/02,formal_core,core,CORE-FORMALIZED,STATUS-CHECK-REQUIRED,False,,LEAN_PROVED,describe only after status audit,Lean-owned finite/formal D0 core statement.,V11 exact cardinality.
D0-CAPACITY-V13-001,BOOK_01/02,formal_core,core,CORE-FORMALIZED,STATUS-CHECK-REQUIRED,False,,LEAN_PROVED,describe only after status audit,Lean-owned finite/formal D0 core statement.,V13 exact cardinality.
D0-SCENE-001,BOOK_01/02,formal_core,core,CORE-FORMALIZED,STATUS-CHECK-REQUIRED,False,,LEAN_PROVED,describe only after status audit,Lean-owned finite/formal D0 core statement.,Tripartite counts 33/359/1287.
D0-NCG-INDEX-001,BOOK_02,formal_core,core,CORE-FORMALIZED,STATUS-CHECK-REQUIRED,False,,LEAN_PROVED,describe only after status audit,Lean-owned finite/formal D0 core statement.,No four-partite clique guardrail.
D0-PHASE-UNFOLD-002,BOOK_01/02,formal_core,core,CORE-FORMALIZED,STATUS-CHECK-REQUIRED,False,,LEAN_PROVED,describe only after status audit,Lean-owned finite/formal D0 core statement.,Exact 44 and 710 forced-window arithmetic.
D0-QM-BORN-001,BOOK_02,formal_core,bridge,BRIDGE-ASSUMPTIONS-EXPLICIT,LAB-BRIDGE / EMPIRICAL-PASSPORT,True,,LEAN_PROVED_WITH_BRIDGE_ASSUMPTIONS,models / bridges / motivates / tests; never proves core physics,Conditional bridge row; not a D0-core closure without listed assumptions.,Finite skeleton under explicit finite response assumptions; no full Gleason claim.
D0-QM-BORN-002,BOOK_02,formal_core,bridge,BRIDGE-ASSUMPTIONS-EXPLICIT,LAB-BRIDGE / EMPIRICAL-PASSPORT,True,,LEAN_PROVED_WITH_BRIDGE_ASSUMPTIONS,models / bridges / motivates / tests; never proves core physics,Conditional bridge row; not a D0-core closure without listed assumptions.,Finite skeleton under explicit finite response assumptions.
D0-CARRIER-003,D0_OPERATOR_BRIDGE_TRIPLE_CLOSURE,formal_core,bridge,CORE_BRIDGE_SPLIT,LAB-BRIDGE / EMPIRICAL-PASSPORT,True,vp_v1145_operator_bridge_triple.py,LEAN_PROVED_WITH_BRIDGE_ASSUMPTIONS,models / bridges / motivates / tests; never proves core physics,Core/bridge split row; the formal spine is proved while physical coherence remains an explicit package.,Finite Clifford relation is core; Lorentz macro integration is bridge.
D0-GAUGE-MATTER-001,BOOK_02/04,gauge_bridge,bridge,BRIDGE-ASSUMPTIONS-EXPLICIT,LAB-BRIDGE / EMPIRICAL-PASSPORT,True,vp_v1132_gauge_matter_ward_anomaly.py,LEAN_PROVED_WITH_BRIDGE_ASSUMPTIONS,models / bridges / motivates / tests; never proves core physics,Conditional bridge row; not a D0-core closure without listed assumptions.,Boundary skeleton conditional on declared incidence pair.
D0-GAUGE-MATTER-002,BOOK_02/04,gauge_bridge,core,CORE-FORMALIZED,STATUS-CHECK-REQUIRED,False,vp_v1132_gauge_matter_ward_anomaly.py,LEAN_PROVED,describe only after status audit,Gauge-sector statement; physical Yang-Mills interpretation remains bridge-scoped when assumptions appear.,Exact rational one-generation anomaly sums.
D0-RG-001,D0_OPERATOR_BRIDGE_TRIPLE_CLOSURE,rg,bridge,BRIDGE-ASSUMPTIONS-EXPLICIT,LAB-BRIDGE / EMPIRICAL-PASSPORT,True,vp_v1145_operator_bridge_triple.py,LEAN_PROVED_WITH_BRIDGE_ASSUMPTIONS,models / bridges / motivates / tests; never proves core physics,Conditional bridge row; not a D0-core closure without listed assumptions.,Scale algebra plus explicit smooth interpolation assumption.
D0-SMOOTH-001,D0_OPERATOR_BRIDGE_TRIPLE_CLOSURE,smooth_geometry,bridge,BRIDGE-ASSUMPTIONS-EXPLICIT,LAB-BRIDGE / EMPIRICAL-PASSPORT,True,vp_v1145_operator_bridge_triple.py,LEAN_PROVED_WITH_BRIDGE_ASSUMPTIONS,models / bridges / motivates / tests; never proves core physics,Conditional bridge row; not a D0-core closure without listed assumptions.,Smooth geometry remains conditional.
D0-PHASE-TOWER-001,BOOK_01/02,formal_core,core,CORE-FORMALIZED,STATUS-CHECK-REQUIRED,False,,LEAN_PROVED,describe only after status audit,Lean-owned finite/formal D0 core statement.,"Forced windows are minimal synchronization moduli, not post-hoc choices."
D0-PHASE-TOWER-002,BOOK_01/02,formal_core,no-go,NO_GO_PROVED,NO-GO/AUDIT,False,,LEAN_PROVED,rules out / audits / blocks promotion,Boundary/no-go row; prevents promotion of this route.,Formal tower exists but current terminal recursion stabilizes; direct Einstein tower is not derived here.
D0-ARCHIVE-TOWER-001,BOOK_06/07,formal_core,core,CORE-FORMALIZED,STATUS-CHECK-REQUIRED,False,,LEAN_PROVED,describe only after status audit,Lean-owned finite/formal D0 core statement.,Terminal readout stable while archive/spectral refinement grows.
D0-ARCHIVE-MODE-EXPONENT-001,BOOK_07/08,formal_core,core,CORE-FORMALIZED,STATUS-CHECK-REQUIRED,False,,LEAN_PROVED,describe only after status audit,Lean-owned finite/formal D0 core statement.,Archive exponent 4 forced by ABCD/Lorentz carrier dimension.
D0-ARCHIVE-HEATTRACE-001,BOOK_07/08,spectral_action,certificate,CERT-CLOSED,STATUS-CHECK-REQUIRED,False,vp_archive_heat_trace_weyl_dimension.py,PYTHON_CERTIFIED,describe only after status audit,Certificate-bounded row; valid only for declared finite inputs and negative controls.,Lean structural heat trace skeleton plus Weyl dimension cert.
D0-ARCHIVE-LAPLACIAN-001,BOOK_07,formal_core,core,CORE-FORMALIZED,STATUS-CHECK-REQUIRED,False,,LEAN_PROVED,describe only after status audit,Lean-owned finite/formal D0 core statement.,Finite archive Laplacian is symmetric/nonnegative with zero-mode control.
D0-ARCHIVE-RESOLVENT-001,BOOK_07,formal_core,core,CORE-FORMALIZED,STATUS-CHECK-REQUIRED,False,,LEAN_PROVED,describe only after status audit,Lean-owned finite/formal D0 core statement.,Finite-stage compactness/projection/tightness structure for archive tower.
D0-SPECTRAL-ACTION-ADMISS-001,BOOK_07,spectral_action,certificate,CERT-CLOSED,STATUS-CHECK-REQUIRED,False,vp_spectral_action_eh_coefficient.py;vp_spectral_action_expansion_stability.py,PYTHON_CERTIFIED,describe only after status audit,Certificate-bounded row; valid only for declared finite inputs and negative controls.,D0-side admissibility and coefficient/cutoff certs; external analytic theorem not internalized.
D0-HST-ARCHIVE-001,BOOK_06/08,formal_core,certificate,CERT-CLOSED,STATUS-CHECK-REQUIRED,False,vp_archive_subgaussian_hst_admissibility.py;vp_archive_convex_order_domination.py,PYTHON_CERTIFIED,describe only after status audit,Certificate-bounded row; valid only for declared finite inputs and negative controls.,HST is external theorem object; D0-side archive hypotheses are cert-backed.
D0-ARCHIVE-ENTROPY-001,BOOK_06/08,formal_core,certificate,CERT-CLOSED,STATUS-CHECK-REQUIRED,False,vp_archive_entropy_softmax_coupling.py,PYTHON_CERTIFIED,describe only after status audit,Certificate-bounded row; valid only for declared finite inputs and negative controls.,Entropy-selected archive coupling interface plus finite-stage softmax coupling cert.
D0-DM-CLASSICALITY-001,BOOK_06/08,formal_core,certificate,CERT-CLOSED,STATUS-CHECK-REQUIRED,False,vp_dm_classicality_guardrail.py,PYTHON_CERTIFIED,describe only after status audit,Certificate-bounded row; valid only for declared finite inputs and negative controls.,Weak-coupling/mode-averaging nonclassical signature suppression guardrail.
D0-ARCHIVE-GAUSSIAN-CHANNEL-001,BOOK_06/08,formal_core,core,CORE-FORMALIZED,STATUS-CHECK-REQUIRED,False,,LEAN_PROVED,describe only after status audit,Lean-owned finite/formal D0 core statement.,Combines HST interface and detector classicalization as typed macro-channel statement.
D0-GRAV-QNM-001,BOOK_07,empirical_passport,no-go,NO_GO_PROVED,NO-GO/AUDIT,False,vp_qnm_delta0_overtone_ladder.py,PYTHON_CERTIFIED,rules out / audits / blocks promotion,Boundary/no-go row; prevents promotion of this route.,QNM ladder passport is blocked without preregistered model and extracted modes table.
D0-GENERATION-RAYS-001,BOOK_04,formal_core,no-go,NO_GO_PROVED,NO-GO/AUDIT,False,,LEAN_PROVED,rules out / audits / blocks promotion,Boundary/no-go row; prevents promotion of this route.,"Bare K(9,11,13) spectral cluster generation route is no-go. Core generation index is instead D0-GEN-INDEX-001 via projective branch-defect rays."
D0-GEN-INDEX-001,BOOK_04,formal_core,core,CORE-FORMALIZED,STATUS-CHECK-REQUIRED,False,vp_pi0_branch_defect_generation.py,LEAN_PROVED,describe only after status audit,Lean-owned finite/formal D0 core statement.,Generation index is the projective closure P1(F2) of the minimal two-branch defect plane; masses/Yukawa hierarchy are not included.
D0-GEN-MASS-001,BOOK_04,empirical_passport,no-go,NO_GO_PROVED,NO-GO/AUDIT,False,vp_pi0_branch_defect_generation.py,LEAN_PROVED,rules out / audits / blocks promotion,Boundary/no-go row; prevents promotion of this route.,Core index is proved; physical masses/Yukawa hierarchy/PDG clustering require additional physical input and are not core theorems.
D0-ARCHIVE-PHASE-DISTANCE,BOOK_06/07,formal_core,core,CORE-FORMALIZED,STATUS-CHECK-REQUIRED,False,,LEAN_PROVED,describe only after status audit,Lean-owned finite/formal D0 core statement.,Metric on finite fibers.
D0-ARCHIVE-LAPLACIAN-PHASE-NATURALITY,BOOK_07,formal_core,no-go,NO_GO_PROVED,NO-GO/AUDIT,False,,LEAN_PROVED,rules out / audits / blocks promotion,Boundary/no-go row; prevents promotion of this route.,Naturality alone does not uniquely fix the operator without further phase structure.
D0-ARCHIVE-PHASE-CURVATURE,BOOK_07,formal_core,core,CORE-FORMALIZED,STATUS-CHECK-REQUIRED,False,,LEAN_PROVED,describe only after status audit,Lean-owned finite/formal D0 core statement.,Nonvanishing curvature obstruction on refined phase fibers.
D0-ARCHIVE-LAPLACIAN-RG,BOOK_07,rg,certificate,CERT-CLOSED,STATUS-CHECK-REQUIRED,False,vp_archive_laplacian_rg_flow.py,PYTHON_CERTIFIED,describe only after status audit,Certificate-bounded row; valid only for declared finite inputs and negative controls.,Nearest-neighbor phase Laplacian is not strictly projective; RG residual/curvature obstruction is tracked by scale-fit cert.
D0-ARCHIVE-SEAM-CURVATURE-001,BOOK_07,formal_core,certificate,CERT-CLOSED,STATUS-CHECK-REQUIRED,False,vp_archive_seam_curvature_action.py,PYTHON_CERTIFIED,describe only after status audit,Certificate-bounded row; valid only for declared finite inputs and negative controls.,Curvature is the seam commutator density; cert checks exact rank two and seam support.
D0-ARCHIVE-ACTION-001,BOOK_07,formal_core,certificate,CERT-CLOSED,STATUS-CHECK-REQUIRED,False,vp_archive_seam_curvature_action.py,PYTHON_CERTIFIED,describe only after status audit,Certificate-bounded row; valid only for declared finite inputs and negative controls.,Archive action is accumulated seam curvature and vanishes exactly when all included levels are transport-flat.
D0-ARCHIVE-FIELD-EQ-001,BOOK_07,formal_core,certificate,CERT-CLOSED,STATUS-CHECK-REQUIRED,False,vp_archive_variational_field_equation.py,PYTHON_CERTIFIED,describe only after status audit,Certificate-bounded row; valid only for declared finite inputs and negative controls.,Finite seam-action variation gives the field-gradient pairing and sourced variational equation.
D0-ARCHIVE-BIANCHI-001,BOOK_07,formal_core,core,CORE-FORMALIZED,STATUS-CHECK-REQUIRED,False,vp_archive_variational_field_equation.py,LEAN_PROVED,describe only after status audit,Lean-owned finite/formal D0 core statement.,Row-sum conservation of the seam curvature gradient forces conserved archive sources.
D0-MATTER-STRESS-COUPLING-001,BOOK_04,formal_core,core,CORE-FORMALIZED,STATUS-CHECK-REQUIRED,False,,LEAN_PROVED,describe only after status audit,Lean-owned finite/formal D0 core statement.,Generation/anomaly layer defines a symmetric conserved archive stress source; anomaly-free reps give zero source in this minimal coupling.
D0-ARCHIVE-VARIATION-DUAL-001,BOOK_07,formal_core,core,CORE-FORMALIZED,STATUS-CHECK-REQUIRED,False,,LEAN_PROVED,describe only after status audit,Lean-owned finite/formal D0 core statement.,Admissible variation dual properties.
D0-ARCHIVE-STRESS-REP-001,BOOK_07,formal_core,core,CORE-FORMALIZED,STATUS-CHECK-REQUIRED,False,,LEAN_PROVED,describe only after status audit,Lean-owned finite/formal D0 core statement.,Symmetric representative defined and raw gradient equivalent.
D0-ARCHIVE-WEAK-FIELD-001,BOOK_07/08,formal_core,core,CORE-FORMALIZED,STATUS-CHECK-REQUIRED,False,vp_archive_weak_field_poisson.py,LEAN_PROVED,describe only after status audit,Lean-owned finite/formal D0 core statement.,Poisson equation has unique solution up to constant.
D0-MATTER-SOURCE-NEUTRALITY-001,BOOK_04/08,formal_core,core,CORE-FORMALIZED,STATUS-CHECK-REQUIRED,False,,LEAN_PROVED,describe only after status audit,Lean-owned finite/formal D0 core statement.,Generated-source neutrality closes the minimal base interface; nonzero localized sources are handled by D0-MATTER-LOCALIZATION-001.
D0-MATTER-REP-001,BOOK_04,gauge_bridge,core,CORE-FORMALIZED,STATUS-CHECK-REQUIRED,False,,LEAN_PROVED,describe only after status audit,Gauge-sector statement; physical Yang-Mills interpretation remains bridge-scoped when assumptions appear.,Matter generation multiplicity is exactly three.
D0-MATTER-ANOMALY-001,BOOK_04,formal_core,core,CORE-FORMALIZED,STATUS-CHECK-REQUIRED,False,,LEAN_PROVED,describe only after status audit,Lean-owned finite/formal D0 core statement.,Generational anomaly sum structure.
D0-GEOM-OBSTRUCT-001,BOOK_07,formal_core,core,CORE-FORMALIZED,STATUS-CHECK-REQUIRED,False,,LEAN_PROVED,describe only after status audit,Lean-owned finite/formal D0 core statement.,Flat archive iff zero curvature obstruction.
D0-ARCHIVE-STRESS-CONSERVATION-001,BOOK_07,formal_core,core,CORE-FORMALIZED,STATUS-CHECK-REQUIRED,False,,LEAN_PROVED,describe only after status audit,Lean-owned finite/formal D0 core statement.,Constrained representative is symmetric and conserved.
D0-ARCHIVE-SCALAR-REDUCTION-001,BOOK_07,formal_core,core,CORE-FORMALIZED,STATUS-CHECK-REQUIRED,False,,LEAN_PROVED,describe only after status audit,Lean-owned finite/formal D0 core statement.,Stationarity under scalar perturbations reduces to discrete Poisson.
D0-MATTER-LOCALIZATION-001,BOOK_04,formal_core,core,CORE-FORMALIZED,STATUS-CHECK-REQUIRED,False,,LEAN_PROVED,describe only after status audit,Lean-owned finite/formal D0 core statement.,Conditional matter source neutrality under localization assumption.
D0-COSMO-HOMOGENEOUS-FIXED-POINT-001,BOOK_08,cosmology,core,CORE-FORMALIZED,STATUS-CHECK-REQUIRED,False,,LEAN_PROVED,describe only after status audit,Formal finite cosmology shape statement; not an observational cosmology fit without certificate/passport data.,Homogeneous state mass conservation fixed point.
D0-COSMO-ZERO-MEAN-UNDERDENSE-001,BOOK_08,cosmology,core,CORE-FORMALIZED,STATUS-CHECK-REQUIRED,False,,LEAN_PROVED,describe only after status audit,Formal finite cosmology shape statement; not an observational cosmology fit without certificate/passport data.,Zero-mean modes must have negative (underdense) and positive components.
D0-COSMO-TRANSIENT-ACCELERATION-001,BOOK_08,cosmology,core,CORE-FORMALIZED,STATUS-CHECK-REQUIRED,False,,LEAN_PROVED,describe only after status audit,Formal finite cosmology shape statement; not an observational cosmology fit without certificate/passport data.,Geometric underdensity pattern yields transient acceleration in 1/rho.
D0-COSMO-INSTABILITY-SATURATION-001,BOOK_08,cosmology,core,CORE-FORMALIZED,STATUS-CHECK-REQUIRED,False,vp_archive_friedmann_instability.py,LEAN_PROVED,describe only after status audit,Formal finite cosmology shape statement; not an observational cosmology fit without certificate/passport data.,Lower bound blocks eternal linear underdensity growth.
D0-COSMO-ENTROPY-FLOW-FIXED-POINT-001,BOOK_08,cosmology,core,CORE-FORMALIZED,STATUS-CHECK-REQUIRED,False,,LEAN_PROVED,describe only after status audit,Formal finite cosmology shape statement; not an observational cosmology fit without certificate/passport data.,Mass-preserving homogeneous entropy-coupled flow fixed point.
D0-COSMO-JACOBIAN-INSTABILITY-001,BOOK_08,cosmology,core,CORE-FORMALIZED,STATUS-CHECK-REQUIRED,False,,LEAN_PROVED,describe only after status audit,Formal finite cosmology shape statement; not an observational cosmology fit without certificate/passport data.,Linearized flow eigenvalue formula and instability.
D0-COSMO-VOLUME-FLOOR-BOUND-001,BOOK_08,cosmology,core,CORE-FORMALIZED,STATUS-CHECK-REQUIRED,False,,LEAN_PROVED,describe only after status audit,Formal finite cosmology shape statement; not an observational cosmology fit without certificate/passport data.,Density floor bounds archive volume and prevents eternal acceleration.
D0-COSMO-CONCRETE-FLOW-001,BOOK_08,cosmology,core,CORE-FORMALIZED,STATUS-CHECK-REQUIRED,False,,LEAN_PROVED,describe only after status audit,Formal finite cosmology shape statement; not an observational cosmology fit without certificate/passport data.,Concrete entropy-coupled softmax flow properties.
D0-COSMO-JACOBIAN-SIGN-001,BOOK_08,cosmology,core,CORE-FORMALIZED,STATUS-CHECK-REQUIRED,False,,LEAN_PROVED,describe only after status audit,Formal finite cosmology shape statement; not an observational cosmology fit without certificate/passport data.,Instability audit locks sign and eigenvalue formula.
D0-COSMO-FLOOR-PROJECTION-001,BOOK_08,cosmology,core,CORE-FORMALIZED,STATUS-CHECK-REQUIRED,False,,LEAN_PROVED,describe only after status audit,Formal finite cosmology shape statement; not an observational cosmology fit without certificate/passport data.,Feasible projection preserves mass and floor.
D0-COSMO-TICK-GAUGE-EQUIV-001,BOOK_08,cosmology,core,CORE-FORMALIZED,STATUS-CHECK-REQUIRED,False,,LEAN_PROVED,describe only after status audit,Formal finite cosmology shape statement; not an observational cosmology fit without certificate/passport data.,Tick gauge equivalence holds by parameter absorption.
D0-COSMO-WATER-FILLING-001,BOOK_08,cosmology,core,CORE-FORMALIZED,STATUS-CHECK-REQUIRED,False,,LEAN_PROVED,describe only after status audit,Formal finite cosmology shape statement; not an observational cosmology fit without certificate/passport data.,Water-filling preserves floor and is feasible when mass is large enough.
D0-COSMO-CONFORMAL-TRACE-001,BOOK_08,cosmology,core,CORE-FORMALIZED,STATUS-CHECK-REQUIRED,False,,LEAN_PROVED,describe only after status audit,Formal finite cosmology shape statement; not an observational cosmology fit without certificate/passport data.,Weighted trace volume proxy proportional to archiveVolume on regular graphs.
D0-GEOM-HEAT-TRACE-EH-PROXY-001,BOOK_08,formal_core,core,CORE-FORMALIZED,STATUS-CHECK-REQUIRED,False,,LEAN_PROVED,describe only after status audit,Lean-owned finite/formal D0 core statement.,Weighted trace square decomposition and proxy nonnegativity.
D0-COSMO-CORE-SHAPE-PASSPORT-BOUNDARY-001,BOOK_08,cosmology,core,CORE-FORMALIZED,STATUS-CHECK-REQUIRED,False,,LEAN_PROVED,describe only after status audit,Formal finite cosmology shape statement; not an observational cosmology fit without certificate/passport data.,D0 core shape independent of empirical params and external data not core closed.
D0-GEOM-HEAT-TRACE-A2-DECOMP-001,BOOK_08,spectral_action,core,CORE-FORMALIZED,STATUS-CHECK-REQUIRED,False,vp_spectral_action_eh_coefficient.py,LEAN_PROVED,describe only after status audit,Finite spectral-action or heat-trace statement; no continuum Einstein-Hilbert promotion by default.,Heat trace exact decomposition with factor 1/2 and double-count guard.
D0-GEOM-SPECTRAL-ACTION-LADDER-001,BOOK_08,smooth_geometry,core,CORE-FORMALIZED,STATUS-CHECK-REQUIRED,False,vp_spectral_action_eh_coefficient.py,LEAN_PROVED,describe only after status audit,Finite/symbolic smooth-geometry proxy; continuum covariance requires declared bridge assumptions.,Finite spectral-action ladder and bounds; no continuum EH promotion.
D0-GEOM-HIGHER-CURVATURE-FLOOR-BOUND-001,BOOK_08,spectral_action,core,CORE-FORMALIZED,STATUS-CHECK-REQUIRED,False,vp_spectral_action_eh_coefficient.py,LEAN_PROVED,describe only after status audit,Finite spectral-action or heat-trace statement; no continuum Einstein-Hilbert promotion by default.,Higher curvature trace powers are bounded by the conformal density floor estimate.
D0-TRACEABILITY-STATUS-TAXONOMY-001,BOOK_08,empirical_passport,core,CORE-FORMALIZED,STATUS-CHECK-REQUIRED,False,,LEAN_PROVED,describe only after status audit,Passport or empirical interface row; not a D0-core theorem without external data discipline.,Traceability status taxonomy with promotion guardrails.
D0-OPERATOR-GAUGE-CURVATURE-ORIGIN-001,BOOK_08,gauge_bridge,core,CORE-FORMALIZED,STATUS-CHECK-REQUIRED,False,,LEAN_PROVED,describe only after status audit,Gauge-sector statement; physical Yang-Mills interpretation remains bridge-scoped when assumptions appear.,Linear/abelian gauge curvature origin closed from archive commutators.
D0-OPERATOR-VECTOR-LAPLACIAN-ORIGIN-001,BOOK_08,formal_core,core,CORE-FORMALIZED,STATUS-CHECK-REQUIRED,False,,LEAN_PROVED,describe only after status audit,Lean-owned finite/formal D0 core statement.,Vector operator origin via negative double commutator.
D0-OPERATOR-EDGE-STIFFNESS-ORIGIN-001,BOOK_08,formal_core,core,CORE-FORMALIZED,STATUS-CHECK-REQUIRED,False,,LEAN_PROVED,describe only after status audit,Lean-owned finite/formal D0 core statement.,Edge stiffness origin with symm-offdiag projection.
D0-NO-GO-BARE-ARCHIVE-NONABELIAN-001,BOOK_08,formal_core,no-go,NO-GO,NO-GO/AUDIT,False,,LEAN_PROVED,rules out / audits / blocks promotion,Boundary/no-go row; prevents promotion of this route.,Nonabelian completion remains outside bare archive operator.
D0-NO-GO-EDGE-STIFFNESS-SCALAR-LEAKAGE-001,BOOK_08,formal_core,no-go,NO-GO,NO-GO/AUDIT,False,,LEAN_PROVED,rules out / audits / blocks promotion,Boundary/no-go row; prevents promotion of this route.,Bare HP+PH can leak scalar diagonal without symmOffDiag projection.
D0-NO-GO-FLAT-TENSOR-NONABELIAN-001,BOOK_08,gauge_bridge,no-go,NO-GO,NO-GO/AUDIT,False,,LEAN_PROVED,rules out / audits / blocks promotion,Boundary/no-go row; prevents promotion of this route.,Naive flat tensor of two skew sectors is symmetric and leaves the skew/vector sector.
D0-GAUGE-NONABELIAN-DISCRETE-CURVATURE-001,BOOK_08,gauge_bridge,core,CORE-FORMALIZED,STATUS-CHECK-REQUIRED,False,,LEAN_PROVED,describe only after status audit,Gauge-sector statement; physical Yang-Mills interpretation remains bridge-scoped when assumptions appear.,Nonabelian curvature package preserves the skew sector after adding the wedge layer.
D0-GAUGE-BIANCHI-RESIDUAL-BOUNDARY-001,BOOK_08,gauge_bridge,no-go,NO-GO,NO-GO/AUDIT,False,,LEAN_PROVED,rules out / audits / blocks promotion,Boundary/no-go row; prevents promotion of this route.,Residual expansion is exact by definition; flat ungraded residual is NO-GO while graded incidence Bianchi is closed.
D0-GAUGE-YANG-MILLS-KILLING-POSITIVITY-001,BOOK_08,gauge_bridge,bridge,BRIDGE-ASSUMPTION,LAB-BRIDGE / EMPIRICAL-PASSPORT,True,,LEAN_PROVED_WITH_BRIDGE_ASSUMPTIONS,models / bridges / motivates / tests; never proves core physics,Conditional bridge row; not a D0-core closure without listed assumptions.,Yang-Mills positivity follows from assumed negative semidefinite Killing form.
D0-FINAL-BRIDGE-INDEX-001,BOOK_08,formal_core,core,CORE-FORMALIZED,STATUS-CHECK-REQUIRED,False,,LEAN_PROVED,describe only after status audit,Lean-owned finite/formal D0 core statement.,Machine-checkable final bridge index over closed D0 foundation groups.
D0-HURWITZ-LOCAL-BOUNDARY-001,BOOK_04,formal_core,core,CORE-FORMALIZED,STATUS-CHECK-REQUIRED,False,,LEAN_PROVED,describe only after status audit,Lean-owned finite/formal D0 core statement.,Local finite admissibility and table witnesses are internal D0 theorems for dimensions 1/2/4/8.
D0-EXTERNAL-BACKGROUND-HURWITZ-GLOBAL-CLASSIFICATION-001,BOOK_04,external_background,deprecated,EXTERNAL-BACKGROUND,STATUS-CHECK-REQUIRED,False,,DEPRECATED,describe only after status audit,Deprecated or historical row; not a live promotion path.,Global normed-division exhaustion is no longer an active D0 core dependency; D0 core uses the finite internal selector.
D0-GAUGE-MATRIX-REP-TRANSFORM-001,BOOK_05/06,gauge_bridge,core,CORE-FORMALIZED,STATUS-CHECK-REQUIRED,False,,LEAN_PROVED,describe only after status audit,Gauge-sector statement; physical Yang-Mills interpretation remains bridge-scoped when assumptions appear.,Finite matrix-representation Yang-Mills layer is closed without asserting abstract graded Bianchi.
D0-NO-GO-ABSTRACT-LIERING-FINITE-TRANSFORM-001,BOOK_05/06,gauge_bridge,no-go,NO-GO,NO-GO/AUDIT,False,,LEAN_PROVED,rules out / audits / blocks promotion,Boundary/no-go row; prevents promotion of this route.,Finite transform cannot be stated in bare abstract LieRing form without an associative matrix representation.
D0-GAUGE-BIANCHI-GRADED-DEPRECATED-001,BOOK_05/06,gauge_bridge,deprecated,DEPRECATED,STATUS-CHECK-REQUIRED,False,,DEPRECATED,describe only after status audit,Deprecated or historical row; not a live promotion path.,Replaced by D0-GRADED-BIANCHI-EXACT-001; exact Bianchi is closed on the graded incidence complex.
D0-BRIDGE-SI-CALIBRATION-BOUNDARY-001,BOOK_08,si_calibration,bridge,BRIDGE-CALIBRATION,STATUS-CHECK-REQUIRED,False,vp_si_calibration_boundary.py,PYTHON_CERTIFIED,describe only after status audit,Bridge-calibration row; SI or dimensional interpretation requires an explicit external calibration object.,c0/c2/G_N/H0 are bridge calibration symbols and cannot mutate core a0/a2 trace shapes.
D0-HURWITZ-INTERNAL-DIMENSION-SELECTOR-001,BOOK_04,formal_core,core,CORE-FORMALIZED,STATUS-CHECK-REQUIRED,False,,LEAN_PROVED,describe only after status audit,Lean-owned finite/formal D0 core statement.,D0 core dimension selection is finite and internal; octonion witness is finite composition data not an associative Matrix 8 8 algebra.
D0-GAUGE-WILSON-LINK-COVARIANCE-001,BOOK_05/06,gauge_bridge,core,CORE-FORMALIZED,STATUS-CHECK-REQUIRED,False,,LEAN_PROVED,describe only after status audit,Gauge-sector statement; physical Yang-Mills interpretation remains bridge-scoped when assumptions appear.,Finite gauge covariance is closed on group-valued Wilson links by path rewriting and inverse cancellation.
D0-NO-GO-NAIVE-LOCAL-GAUGE-COVARIANCE-001,BOOK_05/06,gauge_bridge,no-go,NO-GO,NO-GO/AUDIT,False,,LEAN_PROVED,rules out / audits / blocks promotion,Boundary/no-go row; prevents promotion of this route.,Old naive flat matrix local transform has a concrete Fin 3 counterexample.
D0-GRADED-BIANCHI-EXACT-001,BOOK_05/06,gauge_bridge,core,CORE-FORMALIZED,STATUS-CHECK-REQUIRED,False,,LEAN_PROVED,describe only after status audit,Gauge-sector statement; physical Yang-Mills interpretation remains bridge-scoped when assumptions appear.,Bianchi is exact on a graded incidence complex by boundary nilpotency.
D0-NO-GO-UNGRADED-BIANCHI-RESIDUAL-001,BOOK_05/06,gauge_bridge,no-go,NO-GO,NO-GO/AUDIT,False,,LEAN_PROVED,rules out / audits / blocks promotion,Boundary/no-go row; prevents promotion of this route.,Flat ungraded commutator graph has a concrete Fin 2 residual counterexample.
D0-BRIDGE-SI-CALIBRATION-CLOSURE-001,BOOK_08,si_calibration,bridge,BRIDGE-CALIBRATION,STATUS-CHECK-REQUIRED,False,,LEAN_PROVED,describe only after status audit,Bridge-calibration row; SI or dimensional interpretation requires an explicit external calibration object.,D0 core computes dimensionless traces; H0/GN/Lambda require an explicit ExternalSICalibration object.
D0-INTERPRETATION-SPINE-001,BOOK_00/08,interpretation_spine,bridge,CORE_BRIDGE_SPLIT,STATUS-CHECK-REQUIRED,False,,LEAN_PROVED,describe only after status audit,Core/bridge split row; the formal spine is proved while physical coherence remains an explicit package.,Unified dimensionless interpretation spine: RG/spectral/cosmology/gauge coherence is a typed readout package assembled from existing anchors and SI readout uses one ExternalSICalibration without mutating core shape.
D0-TORUS-CORE13-GEOMETRY-001,BOOK_02/03,formal_core,core,CORE-FORMALIZED,STATUS-CHECK-REQUIRED,False,vp_torus_core13_geometry_origin.py,LEAN_PROVED,describe only after status audit,Lean-owned finite/formal D0 core statement.,Finite torus shell owner proves three-shell carrier and noncommuting radial hopping versus phase drift without data input.
D0-TORUS-GENERATION-SELECTOR-001,BOOK_04,formal_core,core,CORE-FORMALIZED,STATUS-CHECK-REQUIRED,False,vp_generation_selector_origin.py,LEAN_PROVED,describe only after status audit,Lean-owned finite/formal D0 core statement.,Generation selector noncommutativity is sourced from finite torus shell geometry rather than a detached fixture selector.
D0-TORUS-GENERATION-OVERLAP-001,BOOK_04,formal_core,core,CORE-FORMALIZED,STATUS-CHECK-REQUIRED,False,vp_generation_selector_origin.py,LEAN_PROVED,describe only after status audit,Lean-owned finite/formal D0 core statement.,Overlap origin is tied to torus shell noncommutativity while physical CKM entries remain downstream passport data.
D0-BORN-QUADRATIC-ORIGIN-001,BOOK_01/02,formal_core,core,CORE-FORMALIZED,STATUS-CHECK-REQUIRED,False,vp_born_quadratic_origin.py,LEAN_PROVED,describe only after status audit,Lean-owned finite/formal D0 core statement.,Finite phase quadrature gives quadratic response and unit phase-blind calibration gives norm-square before Born normalization.
D0-CKM-NONTRIVIAL-FLAVOUR-ALGEBRA-001,BOOK_04,formal_core,core,CORE-FORMALIZED,STATUS-CHECK-REQUIRED,False,vp_generation_overlap_response_origin.py,LEAN_PROVED,describe only after status audit,Lean-owned finite/formal D0 core statement.,Finite flavour defect is sourced by non-permutation overlap and has positive response without physical CKM entries.
D0-QUASI009-CKM-PHASON-HOLONOMY-001,BOOK_04/08,empirical_passport,core,CORE-FORMALIZED,STATUS-CHECK-REQUIRED,False,vp_ckm_phason_holonomy_k0.py,LEAN_PROVED,describe only after status audit,Passport or empirical interface row; not a D0-core theorem without external data discipline.,Finite formal origin: non-permutation phason holonomy on the Torus Core-13 shell loop with rational unitary transport and chiral orientation twist; external CKM comparison passport/certificate is not core and no PDG entries are used.
D0-MESON-POSITIVE-DEFECT-TRANSFER-001,BOOK_04,formal_core,core,CORE-FORMALIZED,STATUS-CHECK-REQUIRED,False,vp_meson_positive_defect_transfer.py,LEAN_PROVED,describe only after status audit,Lean-owned finite/formal D0 core statement.,Meson transfer uses the typed Edge by Generation carrier and lifted flavour defect rather than a direct sum of unrelated spaces.
D0-GRAVITY-ENTROPIC-ARCHIVE-001,BOOK_07,formal_core,core,CORE-FORMALIZED,STATUS-CHECK-REQUIRED,False,vp_entropic_archive_gravity.py,LEAN_PROVED,describe only after status audit,Lean-owned finite/formal D0 core statement.,Finite graph cut capacity heat-trace observable archive flux conservation and nonnegative entropic tension are formal D0 objects.
D0-GRAVITY-MACRO-EINSTEIN-INTERFACE-001,BOOK_07,smooth_geometry,bridge,CORE_BRIDGE_SPLIT,STATUS-CHECK-REQUIRED,False,vp_macro_einstein_interface.py,LEAN_PROVED,describe only after status audit,Core/bridge split row; the formal spine is proved while physical coherence remains an explicit package.,Finite witness yields symmetric divergence-free second-order TT-compatible macro interface; no continuum Einstein-Hilbert primitive is imported into core.
D0-TORAL-AUTOMORPHISM-GALOIS-BALANCE-001,BOOK_03/06/07/08,formal_core,core,CORE-FORMALIZED,STATUS-CHECK-REQUIRED,False,vp_toral_automorphism_galois_balance.py,LEAN_PROVED,describe only after status audit,Lean-owned finite/formal D0 core statement.,Fixed finite integer time matrix T yields signed Lucas trace layers 3/4/11 determinant-square volume balance and exact even-window archive sign cancellation without external-data input.
D0-TRACE-HEAT-CAPACITY-GRAVITY-001,BOOK_01/03/06/07/08,formal_core,bridge,CORE_BRIDGE_SPLIT,STATUS-CHECK-REQUIRED,False,vp_trace_heat_capacity_gravity.py,LEAN_PROVED,describe only after status audit,Core/bridge split row; the formal spine is proved while physical coherence remains an explicit package.,Fixed finite boundary trace-heat capacity block proves T^2 heat moments as even Lucas traces and saturation as boundary encoding while macro gravity stays bridge-scoped through the finite witness.
D0-MASTER-EVOLUTION-001,BOOK_00/01/03/06/07/08,formal_core,core,CORE-FORMALIZED,STATUS-CHECK-REQUIRED,False,vp_master_evolution_theorem.py,LEAN_PROVED,describe only after status audit,Lean-owned finite/formal D0 core statement.,Single finite evolution package closes T quadratic identity signed Lucas traces Lefschetz scene counts determinant-square balance dark even-window cancellation heat-Lucas moments fixed detector ladder and phi-quasicrystal support without external data.
D0-INFORMATION-QUASICRYSTAL-PHASE-UNFOLDING-001,BOOK_00/01/06/07/08,formal_core,core,CORE-FORMALIZED,STATUS-CHECK-REQUIRED,False,vp_information_quasicrystal_phase_unfolding.py,LEAN_PROVED,describe only after status audit,Lean-owned finite/formal D0 core statement.,Finite tick order plus irrational phi^-2 phase plus return quotients yields ordered aperiodic readout-generated branch geometry without a primitive lattice.
D0-CONDENSED-PHI-VACUUM-CUT-PROJECT-001,BOOK_00/01/02/06/08,formal_core,core,CORE-FORMALIZED,STATUS-CHECK-REQUIRED,False,vp_condensed_phi_vacuum_cut_project.py,LEAN_PROVED,describe only after status audit,Lean-owned finite/formal D0 core statement.,Condensed/profinite phi-vacuum support exposes terminal qT=44 branch count 20 electroweak qEW=710 branch count 280 and depth 35 and the physics cut-project readout is tied to this support.
D0-QUASICRYSTAL-PHENOMENOLOGY-OPERATOR-ORIGIN-001,BOOK_00/01/02/04/06/07/08,formal_core,core,CORE-FORMALIZED,STATUS-CHECK-REQUIRED,False,vp_quasicrystal_phenomenology_operator_origin.py,LEAN_PROVED,describe only after status audit,Lean-owned finite/formal D0 core statement.,One D0PhiCutProject finite cut-and-project owner yields generation inflation classes archive phason dark metric response window-offset chirality phason-flip rewrite inertia and fractional window-sector charge weights.
D0-QUASI008-PHASON-FLIP-ENTROPY-SDE-001,BOOK_07/08,cosmology,core,CORE-FORMALIZED,STATUS-CHECK-REQUIRED,False,vp_phason_flip_entropy_sde.py,LEAN_PROVED,describe only after status audit,Formal finite cosmology shape statement; not an observational cosmology fit without certificate/passport data.,Finite formal S_DE owner: archive pressure is phason-flip entropy osmosis and the finite transfer characteristic is 160 lambda^2 - 480 lambda + 359; external BAO/DESI survey comparison is a passport/certificate and not core.
D0-QUASI006-GALOIS-LORENTZ-SIGNATURE-001,BOOK_06/07/08,formal_core,core,CORE-FORMALIZED,STATUS-CHECK-REQUIRED,False,vp_galois_lorentz_signature.py,LEAN_PROVED,describe only after status audit,Lean-owned finite/formal D0 core statement.,Active/archive Galois trace layers and determinant-square balance are integrated with the terminal role signature (1
D0-HIGGS-SCALAR-PROJECTOR-CONSTRUCTIVE-001,BOOK_04,gauge_bridge,core,CORE-FORMALIZED,STATUS-CHECK-REQUIRED,False,vp_higgs_scalar_projector_constructive.py,LEAN_PROVED,describe only after status audit,Gauge-sector statement; physical Yang-Mills interpretation remains bridge-scoped when assumptions appear.,Frozen rational SU2 doublet compatibility forces the unique nonzero idempotent scalar projector to be identity trace-rank two without external scalar constants.
D0-QUASI002-PHASON-STRAIN-GENERATIONS-BARYON-001,BOOK_02/04/05/08,formal_core,core,CORE-FORMALIZED,STATUS-CHECK-REQUIRED,False,vp_quasi002_phason_strain_generations_baryon.py,LEAN_PROVED,describe only after status audit,Lean-owned finite/formal D0 core statement.,Phason modes are the three torus-shell roles ordered baryon triples have dimension 27 the S3 symmetric sector has decuplet dimension 10 and nucleon-line extrapolation remains forbidden without the phason S3 symmetrizer.
D0-QUASI007-MESON-PHASON-DOMAIN-WALLS-001,BOOK_04/08,formal_core,core,CORE-FORMALIZED,STATUS-CHECK-REQUIRED,False,vp_phason_domain_wall_mesons.py,LEAN_PROVED,describe only after status audit,Lean-owned finite/formal D0 core statement.,Meson domain walls are six oriented nonzero phason boundaries lifted by generation readout to an 18-state finite carrier while meson transfer still uses the existing Edge by Generation lifted flavour-defect origin.
D0-ICECUBE-001,BOOK_04/05/08,empirical_passport,core,EMPIRICAL-PASSPORT,STATUS-CHECK-REQUIRED,False,vp_neutrino_phason_decoherence_passport.py,LEAN_PROVED,describe only after status audit,Passport or empirical interface row; not a D0-core theorem without external data discipline.,Neutrino is a neutral bulk phason leakage mode internally; IceCube decoherence comparison is skipped until a complete external event energy direction response and hash manifest is supplied.
D0-NO-GO-STRESS-SUITE-001,BOOK_02/04/05/06/07,formal_core,no-go,NO_GO_PROVED,NO-GO/AUDIT,False,vp_no_go_stress_test_suite.py,LEAN_PROVED,rules out / audits / blocks promotion,Boundary/no-go row; prevents promotion of this route.,Negative-control suite blocks rank-one Higgs scalar projectors isolated one-phason generation or baryon closure and Euclidean signature export.
D0-HULL-001,BOOK_00/01,formal_core,core,CORE-FORMALIZED,STATUS-CHECK-REQUIRED,False,vp_d0_tiling_hull.py,LEAN_PROVED,describe only after status audit,Lean-owned finite/formal D0 core statement.,D0 tiling hull is aperiodic and repetitive with finite local complexity.
D0-KTHEORY-001,BOOK_00/01/02/04/05/06,formal_core,core,CORE-FORMALIZED,STATUS-CHECK-REQUIRED,False,vp_gap_labeling_d0_tiling_hull.py,LEAN_PROVED,describe only after status audit,Lean-owned finite/formal D0 core statement.,Stable K-theory gap labels are countable and topological.
D0-SOLENOID-001,BOOK_01/07,formal_core,core,CORE-FORMALIZED,STATUS-CHECK-REQUIRED,False,vp_noncommutative_solenoid_gravity.py,LEAN_PROVED,describe only after status audit,Lean-owned finite/formal D0 core statement.,Noncommutative solenoid model is admitted over the tiling hull.
D0-SOLENOID-GRAVITY-001,BOOK_07,spectral_action,core,CORE-FORMALIZED,STATUS-CHECK-REQUIRED,False,vp_noncommutative_solenoid_gravity.py,LEAN_PROVED,describe only after status audit,Finite spectral-action or heat-trace statement; no continuum Einstein-Hilbert promotion by default.,Spectral triple heat trace and TT sector are compatible with noncommutative solenoid geometry.
D0-MESON-K0-001,BOOK_04/08,formal_core,core,CORE-FORMALIZED,STATUS-CHECK-REQUIRED,False,vp_phason_domain_wall_mesons.py,LEAN_PROVED,describe only after status audit,Lean-owned finite/formal D0 core statement.,Meson domain wall tension and spectrum admit stable K0 gap labels.
D0-CKM-K0-001,BOOK_04/08,formal_core,core,CORE-FORMALIZED,STATUS-CHECK-REQUIRED,False,vp_ckm_phason_holonomy_k0.py,LEAN_PROVED,describe only after status audit,Lean-owned finite/formal D0 core statement.,CKM holonomy has a stable K-theory class and CP phase is oriented noncommutative area.
D0-SDE-K0-001,BOOK_08,cosmology,core,CORE-FORMALIZED,STATUS-CHECK-REQUIRED,False,vp_phason_flip_entropy_sde.py,LEAN_PROVED,describe only after status audit,Formal finite cosmology shape statement; not an observational cosmology fit without certificate/passport data.,S_DE relaxation modes are gap-labeled.
D0-SRC-001,BOOK_04,formal_core,core,CORE-FORMALIZED,STATUS-CHECK-REQUIRED,False,vp_nuclear_shell_contact_src.py,LEAN_PROVED,describe only after status audit,Lean-owned finite/formal D0 core statement.,SRC contact is a finite shell-projector overlap readout through an angular-momentum shell-contact selector.
D0-SRC-NOGO-001,BOOK_04/05,formal_core,no-go,NO_GO_PROVED,NO-GO/AUDIT,False,vp_nuclear_shell_contact_src.py,LEAN_PROVED,rules out / audits / blocks promotion,Boundary/no-go row; prevents promotion of this route.,A-only and N/Z-only SRC scalar promotion fails on the finite Ca/Fe shell-contact witness.
D0-CVFT-001A,BOOK_00/01/02/03,cosmology,core,CORE-FORMALIZED,STATUS-CHECK-REQUIRED,False,vp_closed_vacuum_feedback_full_wave.py,LEAN_PROVED,describe only after status audit,Formal finite cosmology shape statement; not an observational cosmology fit without certificate/passport data.,Closed finite feedback operator core F_N=P_N U_N^dagger Q_N U_N P_N with resolvent determinant trace variation and feedback pressure law.
D0-CVFT-001B,BOOK_04/06/07/08,frontier,frontier,PROOF-TARGET,THEOREM-TARGET / FRONTIER,False,,OPEN,proposes / targets / conjectures / scaffolds,"Frontier/proof-target row; not a core closure, certificate pass or empirical passport.",Sector projection package points to CVFT-F1 through CVFT-F8 and may not close matter gravity cosmology horizon gauge or empirical passport rows automatically.
D0-CVFT-NOGO-001,BOOK_05/08,cosmology,no-go,NO_GO_PROVED,NO-GO/AUDIT,False,vp_closed_vacuum_feedback_full_wave.py,LEAN_PROVED,rules out / audits / blocks promotion,Boundary/no-go row; prevents promotion of this route.,External mirror vacuum photon-acceleration interpretation ideal-gas postulate arbitrary-eigenvalue matter and DESI/SPARC root window or arbitrary-kernel repairs are forbidden.
D0-CVFT-F1,BOOK_02/04/08,frontier,frontier,PROOF-OBLIGATION-EXPOSED,THEOREM-TARGET / FRONTIER,False,,OPEN,proposes / targets / conjectures / scaffolds,"Frontier/proof-target row; not a core closure, certificate pass or empirical passport.",Residue/coefficient origin must be derived from the feedback resolvent trace program before any physical coefficient promotion.
D0-CVFT-F2,BOOK_07/08,frontier,frontier,THEOREM-TARGET-SHARPENED,THEOREM-TARGET / FRONTIER,False,,OPEN,proposes / targets / conjectures / scaffolds,"Frontier/proof-target row; not a core closure, certificate pass or empirical passport.",Horizon emission and greybody leakage remain frontier until the boundary operator and observable passport are frozen.
D0-CVFT-F3,BOOK_04,frontier,frontier,OPERATOR-SCAFFOLD-CERTIFIED,THEOREM-TARGET / FRONTIER,False,vp_cvft_baryon_s3_scaffold.py,OPEN,proposes / targets / conjectures / scaffolds,"Frontier/proof-target row; not a core closure, certificate pass or empirical passport.",Finite carrier/symmetrizer scaffold is certified for 27D triple carrier S3 representation 10D symmetric carrier antisymmetric rank-one sector and U_eff^B admissibility; spin/flavour transfer PDG and masses remain open.
D0-CVFT-F3B,BOOK_04,frontier,frontier,SPIN-FLAVOUR-TRANSFER-CERTIFIED,THEOREM-TARGET / FRONTIER,False,vp_cvft_baryon_spin_flavour_40_56.py,OPEN,proposes / targets / conjectures / scaffolds,"Frontier/proof-target row; not a core closure, certificate pass or empirical passport.",Finite internal spin/flavour transfer certifies rank-40 fully symmetric separable sector rank-56 diagonal exchange-symmetric carrier and rank40 subset rank56; PDG names masses widths and GeV conversion remain excluded.
D0-CVFT-F4,BOOK_02/05,frontier,frontier,CERT-CANDIDATE,THEOREM-TARGET / FRONTIER,False,,OPEN,proposes / targets / conjectures / scaffolds,"Frontier/proof-target row; not a core closure, certificate pass or empirical passport.",UV cutoff claims have deterministic finite cert candidates for the refined tail bound under |z|rho(F_N)<1; Lean proof remains open.
D0-CVFT-F5,BOOK_04/08,frontier,frontier,EMPIRICAL-PASSPORT-CANDIDATE,THEOREM-TARGET / FRONTIER,False,,OPEN,proposes / targets / conjectures / scaffolds,"Frontier/proof-target row; not a core closure, certificate pass or empirical passport.",IceCube dynamic feedback is an external passport candidate until data manifest response and frozen operator are pinned.
D0-CVFT-F6,BOOK_04/07,frontier,frontier,LOWER-BOUND-TARGET,THEOREM-TARGET / FRONTIER,False,,OPEN,proposes / targets / conjectures / scaffolds,"Frontier/proof-target row; not a core closure, certificate pass or empirical passport.",Yang-Mills leakage/mass-gap language requires a gauge-boundary commutator obstruction theorem.
D0-CVFT-F7,BOOK_07,frontier,frontier,CERT-CANDIDATE,THEOREM-TARGET / FRONTIER,False,,OPEN,proposes / targets / conjectures / scaffolds,"Frontier/proof-target row; not a core closure, certificate pass or empirical passport.",Boundary-local rank control has deterministic finite cert candidates; it supports localization only and is not an A4 proof.
D0-CVFT-F8,BOOK_08,frontier,frontier,CERT-CANDIDATE,THEOREM-TARGET / FRONTIER,False,,OPEN,proposes / targets / conjectures / scaffolds,"Frontier/proof-target row; not a core closure, certificate pass or empirical passport.",S_DE exceptional-point algebra is an effective two-mode transfer candidate only; not DESI pass H0 theorem or cosmology closure.
D0-CVFT-BOOTSTRAP-001,BOOK_02/03/08,formal_core,core,MASTER-BOOTSTRAP-CORE,CORE/SECTOR-CERTIFIED,False,05_CERTS/vp_master_bootstrap_and_volume_derivative.py,CERT_SCAFFOLD,"proves / certifies / derives, when the named theorem or cert owner is cited",Finite bootstrap row with rank-volume derivative and no empirical fit.,Integrated v15 master bootstrap and discrete volume derivative.
D0-CVFT-GAUGE-BOUNDARY-001,BOOK_04,gauge_bridge,sector,GAUGE-BOUNDARY-LAW,SECTOR-CERTIFIED,False,05_CERTS/vp_gauge_boundary_commutator_obstruction.py,CERT_SCAFFOLD,certifies / constructs / derives within the sector scope,Internal gauge-boundary leakage law; external Yang-Mills claims remain scoped.,Non-singlet leakage lower-bound target scaffold.
D0-CVFT-HORIZON-EMIT-001,BOOK_07,gravity_bridge,sector,HORIZON-EMISSION-LAW,SECTOR-CERTIFIED,False,05_CERTS/vp_horizon_emission_conjugate_feedback.py,CERT_SCAFFOLD,certifies / constructs / derives within the sector scope,Internal horizon emission law; greybody spectra remain passport scoped.,Conjugate archive-to-retained leakage scaffold.
D0-CVFT-EDGE-ALPHA-001,BOOK_04,gauge_bridge,frontier,EDGE-TRACE-COEFFICIENT-TARGET,THEOREM-TARGET / FRONTIER,False,05_CERTS/vp_edge_sector_alpha_trace_target.py,CERT_SCAFFOLD,proposes / targets / conjectures / scaffolds,Edge trace coefficient target; QED RG comparison remains passport scoped.,359-edge phi trace target scaffold.
D0-EDGE-ALPHA-001,BOOK_04,matter,core,EDGE-ALPHA-TRACE-CERT-CLOSED,CORE/SECTOR-CERTIFIED,False,vp_edge_alpha_trace_constructive.py,PYTHON_CERTIFIED,"proves / certifies / derives, when the named theorem or cert owner is cited",Finite 359-edge trace construction; no QED RG fit.,Unitary dilation edge alpha trace cert.
D0-EDGE-RAMIFICATION-001,BOOK_04,matter,core,RAMIFICATION-COMPANION-COVER-CERT-CLOSED,CORE/SECTOR-CERTIFIED,False,vp_ramification_edge_ueff_companion.py,PYTHON_CERTIFIED,"proves / certifies / derives, when the named theorem or cert owner is cited",Finite companion cover; physical-edge Ueff embedding scoped.,Companion cover cert.
D0-BARYON-POLES-001,BOOK_04,matter,core,BARYON-ANONYMOUS-POLE-CERT-CLOSED,CORE/SECTOR-CERTIFIED,False,vp_baryon_40_56_anonymous_poles.py,PYTHON_CERTIFIED,"proves / certifies / derives, when the named theorem or cert owner is cited",Anonymous poles only; PDG passport excluded.,Image-basis compressed pole cert.
D0-HORIZON-JET-001,BOOK_07,gravity,sector,HORIZON-JET-OBSERVABLE-CERT-SCAFFOLD,SECTOR-CERTIFIED,False,vp_horizon_jet_axis_observable.py,PYTHON_CERTIFIED,certifies / constructs / derives within the sector scope,Finite observable; no empirical jet fit.,Jet observable cert scaffold.
D0-IM-PRED-001,BOOK_06/08,IM,core,FRACTAL-CONTINUUM-PREDICTION-CERT-CLOSED,CORE/SECTOR-CERTIFIED,False,vp_fractal_continuum_predictions.py,PYTHON_CERTIFIED,"proves / certifies / derives, when the named theorem or cert owner is cited",Absolute archive deceleration and relative ratio acceleration split.,Sign split certified.
D0-IM-COSMO-001,BOOK_08,cosmology,core,RELATIVE-ARCHIVE-ACCELERATION-CERT-CLOSED,CORE/SECTOR-CERTIFIED,False,vp_relative_archive_acceleration_cosmology_bridge.py,PYTHON_CERTIFIED,"proves / certifies / derives, when the named theorem or cert owner is cited",Internal relative acceleration; no survey fit.,Internal relative acceleration certified.
D0-IM-COSMO-002,BOOK_08,cosmology,core,RELATIVE-PRESSURE-BRIDGE-LAW-CERT-CLOSED,CORE/SECTOR-CERTIFIED,False,vp_archive_pressure_coupling_from_relative_acceleration.py,PYTHON_CERTIFIED,"proves / certifies / derives, when the named theorem or cert owner is cited",Weak finite pressure bridge; no survey fit.,Weak bridge certified.
D0-IM-COSMO-003,BOOK_08,cosmology,core,LOGDET-PRESSURE-COUPLING-CERT-CLOSED,CORE/SECTOR-CERTIFIED,False,vp_strong_logdet_pressure_coupling.py,PYTHON_CERTIFIED,"proves / certifies / derives, when the named theorem or cert owner is cited",Positive logdet first response on resolvent domain.,Strong pressure coupling certified.
D0-IM-COSMO-004,BOOK_08,cosmology,core,LOGDET-SECOND-RESPONSE-STABILITY-CERT-CLOSED,CORE/SECTOR-CERTIFIED,False,vp_logdet_second_response_and_stability.py,PYTHON_CERTIFIED,"proves / certifies / derives, when the named theorem or cert owner is cited",Positive first derivative negative second derivative bounded saturation.,Second response stability certified.
D0-PUB-001,PUBLICATION,publication,audit,PUBLICATION-MONOGRAPH-STRUCTURE,AUDIT/PUBLICATION,False,,PYTHON_CERTIFIED,documents / organizes / guards,Audit-only monograph structure.,Audit-only publication structure.
D0-DUSTY-TABLETOP-BRIDGE-001,BOOK_06/07/08,lab_analogue,bridge,LAB-BRIDGE / TABLETOP-PASSPORT-SEED,LAB-BRIDGE / EMPIRICAL-PASSPORT,True,vp_dusty_plasma_d0_mapping.py,NOT_LEAN,models / bridges / motivates / tests; never proves core physics,external_bridge_guardrail,"Electron-beam dusty-plasma experiments are admitted only as active-medium/channel-clearing analogue; phi predictions remain external tests, not core closure."
D0-LIGO-DISCOVERY-NEGATIVE-001,BOOK_07/08,gwosc_proxy,no-go,DISCOVERY-NEGATIVE-CONTROL / TRANSFER-MAP-TARGET,EMPIRICAL-NEGATIVE,True,vp_ligo_discovery_negative_control.py,NOT_LEAN,rejects / falsifies this proxy / rules out this shortcut,negative_control_guardrail,"V3-V12 fixed raw phi, ramified phi, and fixed alpha proxy scans are rejected as evidence; next target is non-saturating transfer-corrected residual observable."
